,mean_accessibility
0,19.6
1,20.4
2,62.25
3,44.7
4,53.1
5,76.1
6,70.94
7,84.3
8,70.44
9,66.8
10,26.3
11,28.97
12,29.48
13,26.56
14,31.03
15,35.56
16,27.5
17,27.66
18,29.45
19,29.34
20,28.95
21,26.67
22,30.62
23,28.42
24,29.86
25,29.53
26,30.73
27,31.84
28,30.48
29,30.8
30,27.25
31,29.55
32,28.06
33,28.6
34,36.53
35,34.2
36,25.56
37,24.58
38,30.86
39,28.17
40,22.47
41,26.53
42,24.31
43,22.42
44,22.6
45,24.08
46,23.19
47,24.03
48,25.14
49,28.53
50,27.03
51,32.5
52,43.1
53,37.8
54,29.69
55,24.2
56,25.5
57,24.47
58,26.1
59,26.48
60,24.12
61,26.23
62,28.38
63,27.75
64,25.5
65,27.69
66,24.2
67,20.31
68,21.31
69,21.16
70,21.38
71,19.2
72,20.55
73,18.84
74,19.03
75,20.81
76,19.78
77,19.83
78,20.02
79,35.5
80,47.56
81,117.1
82,63.25
83,94.75
84,97.9
85,95.6
86,84.6
87,84.75
88,96.8
89,72.56
90,72.75
91,84.1
92,59.97
93,60.06
94,72.75
95,55.47
96,53.4
97,38.97
98,58.06
99,44.47
100,103.8
101,64.4
102,92.56
103,82.5
104,72.3
105,59.28
106,46.6
107,39.0
108,55.44
109,48.12
110,48.3
111,63.9
112,60.78
113,96.56
114,92.56
115,82.9
116,75.94
117,46.5
118,80.94
119,79.94
120,73.1
121,33.28
122,62.56
123,47.88
124,54.62
125,44.3
126,52.06
127,43.03
128,61.25
129,53.1
130,47.66
131,39.28
132,60.66
133,83.5
134,70.25
135,56.78
136,96.44
137,69.75
138,82.5
139,68.8
140,55.62
141,41.72
142,69.44
143,57.66
144,47.66
145,68.6
146,55.25
147,44.6
148,62.75
149,54.38
150,42.84
151,56.78
152,59.3
153,43.38
154,56.94
155,51.2
156,66.8
157,69.44
158,81.4
159,73.25
160,55.2
161,48.34
162,66.6
163,42.22
164,60.3
165,61.47
166,43.78
167,32.5
168,46.8
169,50.75
170,45.1
171,31.83
172,53.94
173,30.39
174,55.9
175,43.47
176,34.1
177,49.03
178,55.84
179,45.1
180,52.1
181,49.06
182,40.94
183,44.8
184,60.03
185,52.84
186,46.2
187,49.75
188,47.9
189,49.66
190,42.3
191,53.72
192,43.12
193,40.22
194,45.97
195,59.5
196,99.06
197,86.6
198,75.94
199,65.0
200,47.3
201,37.44
202,39.88
203,43.1
204,41.8
205,35.9
206,36.9
207,42.12
208,35.8
209,35.34
210,35.38
211,36.0
212,35.25
213,37.2
214,33.97
215,36.3
216,35.25
217,41.44
218,37.2
219,35.44
220,36.06
221,34.1
222,34.06
223,33.3
224,35.0
225,40.62
226,33.56
227,33.53
228,36.75
229,34.66
230,33.62
231,34.78
232,35.03
233,35.22
234,35.06
235,36.53
236,34.0
237,32.6
238,35.2
239,35.03
240,34.84
241,34.8
242,35.16
243,34.1
244,33.78
245,34.56
246,36.47
247,35.1
248,30.81
249,38.7
250,35.94
251,26.67
252,38.28
253,30.75
254,27.31
255,30.42
256,32.53
257,42.16
258,35.44
259,34.28
260,33.3
261,31.19
262,36.7
263,35.4
264,37.53
265,54.84
266,84.2
267,61.6
268,73.9
269,52.34
270,75.1
271,64.9
272,81.7
273,75.9
274,84.1
275,86.1
276,36.4
277,50.12
278,76.2
279,79.5
280,68.5
281,57.7
282,65.25
283,32.44
284,67.9
285,60.2
286,50.28
287,41.25
288,39.78
289,49.38
290,58.97
291,81.6
292,47.25
293,35.1
294,74.25
295,39.56
296,52.22
297,63.06
298,57.5
299,64.94
300,71.2
301,33.38
302,40.06
303,41.16
304,55.97
305,37.34
306,48.1
307,49.7
308,44.88
309,31.3
310,39.78
311,46.22
312,35.78
313,38.22
314,36.25
315,32.2
316,33.25
317,45.47
318,43.94
319,31.97
320,47.16
321,40.72
322,35.1
323,39.56
324,34.03
325,59.5
326,38.4
327,28.92
328,23.44
329,26.56
330,29.9
331,46.94
332,18.94
333,35.06
334,35.0
335,35.75
336,35.53
337,34.78
338,36.97
339,34.9
340,34.53
341,28.36
342,26.94
343,27.42
344,27.72
345,26.94
346,27.42
347,27.44
348,27.73
349,26.89
350,26.64
351,27.28
352,25.95
353,26.67
354,28.03
355,28.05
356,28.31
357,31.39
358,28.47
359,27.75
360,28.9
361,29.25
362,30.94
363,28.77
364,31.73
365,39.3
366,32.22
367,31.66
368,37.1
369,32.6
370,32.12
371,31.0
372,31.27
373,31.19
374,38.72
375,24.53
376,20.64
377,19.16
378,33.6
379,21.66
380,17.88
381,18.84
382,18.52
383,18.67
384,18.62
385,23.97
386,24.34
387,27.23
388,27.64
389,25.78
390,37.16
391,19.88
392,28.38
393,23.83
394,23.92
395,38.03
396,39.12
397,30.94
398,31.83
399,32.3
400,60.34
401,39.28
402,37.3
403,35.38
404,35.44
405,50.03
406,67.4
407,46.75
408,38.12
409,57.75
410,52.75
411,39.16
412,57.75
413,30.84
414,39.84
415,40.25
416,45.75
417,45.75
418,57.6
419,42.25
420,48.9
421,43.1
422,40.28
423,33.5
424,35.4
425,43.28
426,36.3
427,41.94
428,51.38
429,35.72
430,38.53
431,55.0
432,54.03
433,53.25
434,53.0
435,39.84
436,25.02
437,70.8
438,57.84
439,55.56
440,46.47
441,40.97
442,41.78
443,46.5
444,64.4
445,56.9
446,59.62
447,57.34
448,66.8
449,27.1
450,27.11
451,25.67
452,24.9
453,27.14
454,31.2
455,28.83
456,30.02
457,31.0
458,34.22
459,65.75
460,28.22
461,26.62
462,26.2
463,28.14
464,37.44
465,49.28
466,40.56
467,68.94
468,69.8
469,39.2
470,45.66
471,62.78
472,53.06
473,48.75
474,32.56
475,33.06
476,33.44
477,41.72
478,45.75
479,30.67
480,30.53
481,41.25
482,27.17
483,27.56
484,29.12
485,29.03
486,37.34
487,39.88
488,28.03
489,33.38
490,46.88
491,37.4
492,37.06
493,41.84
494,30.94
495,31.58
496,30.48
497,38.66
498,42.25
499,31.27
500,45.62
501,24.31
502,37.44
503,28.03
504,24.89
505,40.5
506,42.53
507,34.75
508,37.75
509,25.05
510,28.1
511,28.27
512,45.34
513,62.5
514,65.8
515,37.16
516,29.8
517,53.06
518,61.66
519,37.2
520,32.7
521,38.38
522,49.84
523,34.7
524,42.53
525,35.1
526,31.94
527,29.95
528,36.78
529,24.77
530,29.34
531,29.11
532,32.4
533,29.33
534,24.52
535,29.8
536,27.25
537,31.03
538,30.05
539,28.05
540,27.94
541,26.22
542,29.45
543,30.22
544,31.06
545,30.81
546,35.38
547,29.56
548,26.64
549,30.2
550,26.03
551,37.9
552,38.47
553,17.97
554,18.53
555,20.33
556,23.92
557,21.75
558,21.17
559,20.95
560,18.8
561,19.1
562,17.9
563,20.14
564,19.66
565,20.45
566,19.19
567,19.23
568,19.92
569,21.1
570,20.89
571,22.19
572,17.88
573,18.69
574,17.58
575,18.94
576,18.72
577,18.6
578,17.94
579,20.02
580,18.77
581,20.16
582,19.94
583,20.36
584,18.55
585,18.19
586,17.44
587,17.47
588,17.89
589,18.42
590,18.66
591,23.3
592,18.19
593,18.0
594,17.44
595,18.28
596,19.1
597,18.4
598,25.45
599,20.84
600,20.17
601,19.56
602,21.2
603,21.14
604,41.66
605,19.1
606,18.66
607,25.47
608,21.23
609,19.75
610,18.75
611,17.88
612,19.81
613,20.47
614,18.28
615,19.98
616,18.94
617,18.48
618,18.77
619,18.61
620,18.94
621,19.16
622,18.53
623,20.47
624,18.84
625,18.2
626,18.4
627,18.8
628,18.73
629,18.64
630,18.55
631,19.47
632,19.1
633,20.39
634,19.84
635,19.97
636,20.22
637,19.8
638,19.44
639,19.38
640,18.94
641,19.31
642,19.27
643,19.22
644,18.89
645,18.9
646,19.05
647,19.17
648,17.95
649,18.28
650,18.08
651,18.44
652,18.78
653,18.83
654,19.28
655,18.52
656,19.03
657,18.5
658,19.38
659,20.7
660,19.14
661,20.56
662,18.8
663,18.5
664,20.48
665,19.56
666,19.27
667,19.17
668,19.08
669,19.61
670,18.6
671,18.53
672,17.98
673,19.02
674,18.95
675,18.84
676,18.22
677,19.23
678,18.62
679,18.48
680,19.25
681,18.53
682,18.36
683,18.66
684,18.62
685,18.88
686,19.31
687,19.5
688,19.48
689,17.72
690,19.05
691,18.83
692,17.98
693,18.2
694,19.06
695,18.19
696,18.16
697,18.72
698,18.67
699,18.44
700,18.42
701,18.47
702,17.84
703,18.34
704,18.4
705,18.08
706,18.17
707,18.22
708,19.19
709,18.98
710,18.2
711,18.33
712,18.7
713,18.77
714,18.53
715,19.47
716,18.6
717,18.42
718,18.06
719,18.64
720,17.95
721,18.55
722,18.64
723,17.89
724,18.39
725,18.39
726,18.75
727,18.5
728,18.48
729,18.4
730,18.1
731,18.12
732,18.61
733,19.34
734,18.55
735,18.28
736,18.38
737,18.67
738,18.25
739,17.52
740,18.62
741,18.47
742,19.02
743,19.22
744,18.53
745,17.42
746,18.38
747,18.08
748,18.38
749,18.1
750,18.27
751,18.22
752,18.23
753,18.19
754,17.5
755,17.84
756,17.48
757,17.48
758,20.11
759,19.84
760,17.94
761,21.98
762,19.23
763,18.81
764,18.62
765,18.84
766,19.06
767,19.98
768,19.67
769,18.28
770,17.9
771,18.73
772,18.86
773,18.36
774,18.48
775,19.08
776,18.64
777,19.31
778,19.47
779,19.89
780,18.7
781,18.81
782,18.7
783,18.53
784,18.52
785,18.55
786,18.52
787,18.4
788,18.42
789,18.44
790,18.53
791,17.56
792,18.48
793,18.58
794,19.06
795,21.28
796,20.1
797,18.86
798,18.97
799,18.8
800,19.4
801,18.06
802,18.88
803,19.02
804,18.75
805,18.75
806,18.48
807,18.94
808,18.48
809,18.34
810,17.97
811,18.39
812,18.66
813,18.77
814,18.81
815,18.77
816,18.86
817,18.88
818,18.83
819,18.95
820,19.3
821,19.48
822,18.06
823,17.56
824,18.19
825,18.45
826,17.97
827,18.58
828,19.14
829,18.42
830,18.61
831,18.66
832,18.55
833,18.34
834,18.14
835,18.08
836,18.69
837,19.22
838,18.48
839,19.39
840,19.16
841,19.06
842,18.73
843,19.0
844,18.55
845,19.25
846,18.73
847,18.62
848,18.86
849,27.28
850,50.72
851,19.48
852,22.77
853,19.86
854,20.64
855,21.84
856,20.67
857,22.64
858,19.39
859,20.38
860,19.77
861,31.28
862,31.94
863,32.3
864,32.34
865,26.25
866,22.53
867,24.75
868,21.22
869,28.3
870,27.0
871,27.47
872,20.17
873,20.81
874,20.48
875,18.69
876,18.8
877,17.69
878,18.66
879,18.47
880,18.38
881,18.52
882,18.33
883,17.83
884,18.53
885,18.48
886,18.53
887,18.55
888,18.31
889,17.89
890,20.56
891,20.38
892,18.88
893,19.08
894,18.97
895,18.3
896,18.52
897,18.2
898,18.4
899,19.0
900,19.23
901,20.05
902,18.84
903,18.84
904,18.02
905,18.58
906,18.84
907,17.92
908,18.75
909,18.69
910,18.28
911,19.17
912,18.86
913,18.7
914,18.72
915,18.73
916,18.39
917,18.66
918,18.75
919,20.34
920,19.36
921,20.94
922,19.23
923,20.23
924,20.6
925,19.39
926,21.0
927,20.38
928,20.25
929,21.34
930,22.94
931,18.6
932,19.75
933,20.1
934,18.38
935,18.81
936,18.23
937,18.38
938,19.22
939,18.25
940,22.27
941,23.22
942,26.05
943,20.47
944,21.22
945,21.98
946,21.47
947,18.52
948,18.97
949,17.77
950,18.45
951,18.75
952,18.78
953,18.6
954,18.66
955,18.56
956,18.7
957,18.14
958,18.4
959,17.95
960,18.17
961,17.69
962,17.6
963,18.48
964,18.88
965,18.27
966,19.39
967,18.69
968,18.83
969,18.94
970,18.45
971,18.23
972,18.44
973,18.33
974,19.11
975,18.62
976,18.72
977,18.88
978,19.45
979,19.97
980,20.28
981,21.11
982,21.45
983,19.23
984,20.92
985,21.05
986,18.36
987,19.66
988,19.23
989,18.88
990,19.14
991,19.86
992,20.73
993,21.2
994,18.77
995,19.06
996,19.33
997,20.25
998,18.84
999,18.4
1000,19.88
1001,18.89
1002,19.03
1003,18.95
1004,18.92
1005,21.48
1006,19.67
1007,19.83
1008,20.25
1009,19.89
1010,19.1
1011,20.75
1012,19.0
1013,19.05
1014,18.84
1015,19.22
1016,19.88
1017,19.6
1018,18.48
1019,19.38
1020,18.48
1021,19.45
1022,19.61
1023,19.66
1024,19.61
1025,19.03
1026,18.83
1027,19.88
1028,19.31
1029,20.17
1030,19.77
1031,19.55
1032,19.67
1033,19.11
1034,19.75
1035,19.47
1036,19.83
1037,20.17
1038,19.72
1039,19.7
1040,19.55
1041,19.81
1042,19.64
1043,19.97
1044,19.66
1045,19.47
1046,18.97
1047,19.75
1048,19.56
1049,19.8
1050,19.28
1051,19.97
1052,19.75
1053,19.28
1054,19.69
1055,21.02
1056,20.86
1057,18.62
1058,18.44
1059,19.23
1060,24.14
1061,21.69
1062,21.25
1063,20.12
1064,21.62
1065,24.2
1066,20.69
1067,24.19
1068,21.61
1069,21.8
1070,21.97
1071,22.39
1072,20.73
1073,20.86
1074,20.45
1075,20.69
1076,19.77
1077,20.47
1078,20.1
1079,19.8
1080,19.94
1081,20.64
1082,20.98
1083,21.34
1084,20.69
1085,20.58
1086,20.88
1087,19.88
1088,20.94
1089,20.27
1090,20.45
1091,20.69
1092,20.42
1093,20.33
1094,21.5
1095,20.75
1096,20.53
1097,20.34
1098,20.77
1099,20.77
1100,19.86
1101,20.78
1102,20.55
1103,21.02
1104,21.14
1105,20.27
1106,19.69
1107,19.84
1108,20.56
1109,18.89
1110,28.36
1111,21.56
1112,21.39
1113,24.17
1114,23.66
1115,21.98
1116,22.08
1117,27.44
1118,26.34
1119,24.05
1120,22.36
1121,20.17
1122,19.97
1123,20.33
1124,20.72
1125,20.39
1126,19.0
1127,20.64
1128,20.08
1129,19.92
1130,20.7
1131,20.33
1132,20.53
1133,19.9
1134,21.33
1135,19.61
1136,20.11
1137,20.02
1138,20.6
1139,20.66
1140,20.36
1141,19.78
1142,21.34
1143,21.3
1144,19.02
1145,20.14
1146,19.55
1147,19.81
1148,21.98
1149,22.12
1150,21.67
1151,21.98
1152,21.92
1153,21.28
1154,21.27
1155,21.45
1156,21.03
1157,20.61
1158,21.11
1159,21.62
1160,22.33
1161,22.31
1162,22.36
1163,22.3
1164,22.36
1165,21.03
1166,20.97
1167,21.44
1168,21.53
1169,21.38
1170,20.39
1171,21.08
1172,21.05
1173,22.36
1174,19.5
1175,23.39
1176,20.06
1177,20.98
1178,20.5
1179,20.64
1180,19.7
1181,20.3
1182,19.98
1183,20.78
1184,20.9
1185,20.61
1186,19.77
1187,22.06
1188,20.3
1189,25.11
1190,23.05
1191,23.14
1192,40.03
1193,25.56
1194,23.42
1195,21.81
1196,23.77
1197,24.69
1198,26.3
1199,24.53
1200,27.23
1201,27.72
1202,24.61
1203,26.67
1204,24.36
1205,24.9
1206,23.39
1207,23.44
1208,25.5
1209,25.69
1210,24.56
1211,26.55
1212,26.84
1213,23.58
1214,25.72
1215,26.61
1216,24.23
1217,29.02
1218,24.67
1219,24.69
1220,26.02
1221,24.45
1222,24.47
1223,23.81
1224,23.73
1225,34.25
1226,32.47
1227,27.4
1228,36.28
1229,27.44
1230,26.72
1231,31.95
1232,24.55
1233,23.52
1234,20.97
1235,24.69
1236,21.0
1237,21.89
1238,23.58
1239,21.94
1240,23.44
1241,22.48
1242,21.86
1243,21.72
1244,23.56
1245,23.1
1246,22.83
1247,22.88
1248,23.86
1249,25.11
1250,23.66
1251,23.94
1252,24.98
1253,24.64
1254,23.31
1255,24.17
1256,23.12
1257,24.47
1258,23.89
1259,23.67
1260,22.92
1261,22.83
1262,22.4
1263,23.27
1264,23.08
1265,23.44
1266,22.6
1267,22.53
1268,22.84
1269,23.16
1270,23.05
1271,23.33
1272,23.31
1273,23.5
1274,23.36
1275,23.38
1276,23.25
1277,23.11
1278,22.97
1279,22.14
1280,22.78
1281,21.86
1282,23.45
1283,23.3
1284,23.05
1285,23.25
1286,22.89
1287,23.1
1288,23.89
1289,22.2
1290,22.34
1291,23.25
1292,23.4
1293,22.92
1294,22.98
1295,23.08
1296,22.69
1297,23.03
1298,23.02
1299,22.86
1300,22.7
1301,22.5
1302,22.7
1303,22.52
1304,23.83
1305,24.45
1306,23.34
1307,23.3
1308,23.17
1309,23.7
1310,24.1
1311,24.02
1312,23.39
1313,22.55
1314,22.62
1315,22.7
1316,22.7
1317,22.73
1318,23.73
1319,23.53
1320,23.31
1321,23.78
1322,22.42
1323,22.14
1324,23.03
1325,22.19
1326,21.03
1327,22.03
1328,21.52
1329,22.25
1330,22.61
1331,22.6
1332,21.52
1333,22.75
1334,21.67
1335,22.02
1336,23.45
1337,22.27
1338,23.19
1339,21.95
1340,21.97
1341,22.62
1342,22.4
1343,21.84
1344,21.6
1345,22.62
1346,22.8
1347,21.81
1348,21.94
1349,21.42
1350,21.2
1351,21.97
1352,20.92
1353,21.1
1354,20.95
1355,20.86
1356,22.36
1357,22.22
1358,23.16
1359,22.3
1360,22.02
1361,22.03
1362,22.0
1363,22.6
1364,22.73
1365,21.06
1366,22.38
1367,22.4
1368,23.48
1369,23.17
1370,23.11
1371,22.08
1372,23.16
1373,23.17
1374,22.92
1375,23.05
1376,23.31
1377,23.39
1378,22.56
1379,23.62
1380,23.98
1381,24.31
1382,24.64
1383,22.77
1384,23.47
1385,23.31
1386,21.66
1387,22.33
1388,22.17
1389,22.83
1390,22.11
1391,24.55
1392,22.44
1393,22.12
1394,21.64
1395,24.78
1396,25.73
1397,24.38
1398,22.31
1399,21.95
1400,22.16
1401,22.02
1402,21.94
1403,22.12
1404,22.38
1405,21.8
1406,22.73
1407,22.28
1408,21.4
1409,23.36
1410,22.14
1411,22.52
1412,22.25
1413,22.38
1414,22.64
1415,21.56
1416,23.05
1417,23.17
1418,23.08
1419,23.22
1420,22.95
1421,23.11
1422,21.6
1423,21.89
1424,22.69
1425,23.58
1426,23.12
1427,22.86
1428,23.14
1429,22.69
1430,22.86
1431,23.16
1432,23.03
1433,22.0
1434,22.98
1435,23.25
1436,26.03
1437,24.27
1438,23.62
1439,24.16
1440,23.86
1441,23.5
1442,23.17
1443,23.73
1444,23.44
1445,22.19
1446,23.11
1447,23.94
1448,22.78
1449,23.48
1450,22.8
1451,22.27
1452,22.56
1453,22.38
1454,21.86
1455,22.64
1456,24.11
1457,21.83
1458,22.53
1459,22.47
1460,22.33
1461,22.69
1462,24.34
1463,24.83
1464,23.8
1465,26.34
1466,19.34
1467,19.77
1468,19.61
1469,19.38
1470,19.39
1471,20.44
1472,19.05
1473,19.92
1474,20.22
1475,20.97
1476,20.97
1477,20.4
1478,19.23
1479,21.1
1480,20.25
1481,19.56
1482,20.61
1483,19.34
1484,19.55
1485,20.52
1486,19.6
1487,19.55
1488,19.47
1489,20.33
1490,20.44
1491,20.27
1492,20.08
1493,20.11
1494,20.12
1495,19.83
1496,19.69
1497,19.8
1498,20.12
1499,19.9
1500,20.47
1501,19.58
1502,20.33
1503,20.72
1504,20.31
1505,20.03
1506,19.44
1507,19.83
1508,19.45
1509,20.08
1510,19.78
1511,20.64
1512,20.8
1513,20.1
1514,20.12
1515,20.67
1516,20.81
1517,20.38
1518,20.11
1519,20.1
1520,19.89
1521,19.89
1522,19.81
1523,19.72
1524,19.94
1525,20.42
1526,20.16
1527,20.1
1528,20.17
1529,20.47
1530,19.98
1531,19.88
1532,20.23
1533,20.22
1534,20.31
1535,20.19
1536,20.22
1537,20.36
1538,20.22
1539,20.58
1540,20.56
1541,20.33
1542,20.66
1543,20.84
1544,21.0
1545,20.5
1546,21.86
1547,19.89
1548,20.47
1549,20.27
1550,19.72
1551,20.44
1552,20.31
1553,20.31
1554,19.94
1555,19.53
1556,19.89
1557,19.42
1558,21.81
1559,21.39
1560,20.38
1561,34.62
1562,29.03
1563,23.58
1564,22.64
1565,26.88
1566,32.78
1567,29.92
1568,26.06
1569,37.62
1570,26.0
1571,24.14
1572,23.67
1573,34.78
1574,29.02
1575,25.97
1576,26.17
1577,23.75
1578,22.94
1579,22.12
1580,22.62
1581,23.02
1582,22.47
1583,23.11
1584,23.86
1585,23.92
1586,23.52
1587,24.52
1588,22.4
1589,21.67
1590,21.06
1591,21.77
1592,21.77
1593,21.53
1594,22.23
1595,22.27
1596,20.69
1597,23.03
1598,22.88
1599,22.7
1600,23.08
1601,21.84
1602,21.48
1603,22.98
1604,22.61
1605,21.08
1606,22.25
1607,22.97
1608,21.25
1609,23.72
1610,21.97
1611,21.11
1612,25.05
1613,25.6
1614,22.61
1615,21.61
1616,20.22
1617,21.11
1618,20.17
1619,22.42
1620,21.08
1621,20.81
1622,20.48
1623,20.78
1624,21.16
1625,19.53
1626,19.89
1627,25.03
1628,21.33
1629,20.81
1630,21.64
1631,22.05
1632,21.7
1633,21.81
1634,36.5
1635,22.19
1636,26.9
1637,24.25
1638,25.92
1639,29.16
1640,23.64
1641,25.88
1642,23.58
1643,27.58
1644,27.25
1645,22.98
1646,33.97
1647,30.67
1648,26.47
1649,31.8
1650,27.31
1651,30.98
1652,26.23
1653,24.5
1654,26.38
1655,21.25
1656,22.38
1657,22.19
1658,23.45
1659,23.69
1660,21.53
1661,21.42
1662,24.62
1663,25.2
1664,22.47
1665,22.12
1666,21.48
1667,23.22
1668,22.94
1669,22.03
1670,24.03
1671,24.1
1672,22.06
1673,23.69
1674,20.94
1675,22.45
1676,32.56
1677,24.22
1678,29.2
1679,27.56
1680,31.33
1681,26.05
1682,26.81
1683,25.28
1684,25.3
1685,29.6
1686,27.56
1687,28.75
1688,26.25
1689,24.88
1690,24.53
1691,31.05
1692,27.6
1693,24.67
1694,29.34
1695,25.9
1696,32.25
1697,21.38
1698,24.72
1699,25.98
1700,24.47
1701,24.97
1702,24.36
1703,22.06
1704,21.17
1705,21.69
1706,21.94
1707,31.03
1708,26.94
1709,24.97
1710,30.88
1711,25.2
1712,27.1
1713,21.7
1714,30.52
1715,28.94
1716,31.83
1717,32.25
1718,31.69
1719,31.44
1720,31.6
1721,31.61
1722,32.28
1723,31.33
1724,32.34
1725,31.08
1726,36.34
1727,22.9
1728,25.33
1729,27.94
1730,25.1
1731,26.81
1732,23.83
1733,23.33
1734,21.1
1735,21.7
1736,22.23
1737,23.98
1738,21.95
1739,23.34
1740,23.14
1741,24.61
1742,25.73
1743,27.05
1744,25.42
1745,27.34
1746,25.4
1747,24.8
1748,21.17
1749,21.89
1750,22.8
1751,24.73
1752,21.83
1753,23.05
1754,23.03
1755,23.56
1756,24.0
1757,25.05
1758,23.64
1759,22.42
1760,23.27
1761,24.05
1762,25.03
1763,25.1
1764,25.4
1765,23.75
1766,25.97
1767,25.56
1768,24.86
1769,29.33
1770,25.97
1771,27.64
1772,28.78
1773,35.6
1774,26.3
1775,25.98
1776,39.5
1777,41.9
1778,37.84
1779,39.9
1780,28.17
1781,27.92
1782,29.42
1783,31.86
1784,29.88
1785,30.47
1786,31.36
1787,32.66
1788,32.03
1789,29.73
1790,30.12
1791,29.23
1792,31.72
1793,33.75
1794,33.38
1795,31.66
1796,30.94
1797,27.61
1798,28.9
1799,27.11
1800,27.0
1801,30.27
1802,28.83
1803,30.62
1804,28.62
1805,30.77
1806,31.55
1807,30.83
1808,28.22
1809,25.48
1810,24.81
1811,26.62
1812,24.03
1813,24.48
1814,27.34
1815,27.11
1816,26.3
1817,27.03
1818,28.16
1819,27.75
1820,24.97
1821,23.92
1822,22.36
1823,21.84
1824,20.5
1825,22.25
1826,22.31
1827,22.17
1828,23.05
1829,22.58
1830,24.53
1831,23.84
1832,25.1
1833,22.86
1834,22.95
1835,21.19
1836,21.5
1837,19.89
1838,22.55
1839,21.39
1840,21.52
1841,22.92
1842,23.12
1843,21.0
1844,26.6
1845,20.95
1846,20.38
1847,23.19
1848,22.05
1849,23.73
1850,20.86
1851,23.72
1852,24.19
1853,23.48
1854,26.83
1855,22.64
1856,23.45
1857,21.6
1858,19.75
1859,25.42
1860,26.77
1861,29.56
1862,29.62
1863,23.8
1864,22.73
1865,18.86
1866,30.33
1867,27.75
1868,25.12
1869,27.58
1870,27.08
1871,28.03
1872,29.42
1873,28.73
1874,25.5
1875,20.62
1876,24.08
1877,23.4
1878,23.62
1879,24.14
1880,24.06
1881,23.8
1882,23.9
1883,30.14
1884,27.86
1885,26.77
1886,25.92
1887,26.75
1888,27.11
1889,25.9
1890,27.05
1891,27.02
1892,23.81
1893,30.83
1894,49.56
1895,32.28
1896,38.53
1897,32.62
1898,32.4
1899,27.47
1900,41.1
1901,38.88
1902,28.25
1903,31.56
1904,30.77
1905,28.42
1906,25.77
1907,25.11
1908,24.66
1909,24.81
1910,24.56
1911,24.39
1912,24.2
1913,24.23
1914,23.64
1915,24.2
1916,24.4
1917,24.7
1918,24.55
1919,24.95
1920,24.45
1921,23.98
1922,26.05
1923,24.55
1924,24.89
1925,25.23
1926,25.42
1927,25.48
1928,25.1
1929,25.72
1930,25.56
1931,25.02
1932,25.0
1933,30.64
1934,27.8
1935,26.22
1936,26.89
1937,28.03
1938,30.62
1939,28.75
1940,28.42
1941,29.84
1942,27.69
1943,27.5
1944,26.97
1945,26.42
1946,26.7
1947,26.77
1948,27.14
1949,27.38
1950,26.72
1951,26.67
1952,28.33
1953,27.22
1954,28.83
1955,23.95
1956,23.61
1957,23.14
1958,23.31
1959,21.94
1960,22.61
1961,21.69
1962,24.2
1963,21.77
1964,23.12
1965,18.97
1966,18.12
1967,18.23
1968,18.28
1969,19.84
1970,18.84
1971,18.25
1972,18.69
1973,19.34
1974,18.5
1975,18.73
1976,18.77
1977,19.14
1978,19.39
1979,18.86
1980,19.08
1981,18.11
1982,18.08
1983,18.92
1984,19.11
1985,18.75
1986,18.84
1987,18.36
1988,18.64
1989,19.23
1990,19.36
1991,19.42
1992,19.78
1993,18.44
1994,20.27
1995,19.44
1996,21.75
1997,22.42
1998,20.83
1999,21.7
2000,21.38
2001,23.36
2002,21.52
2003,19.55
2004,19.16
2005,19.69
2006,19.06
2007,18.38
2008,20.11
2009,20.16
2010,19.16
2011,19.34
2012,19.45
2013,19.45
2014,19.7
2015,19.22
2016,19.62
2017,19.6
2018,19.38
2019,19.39
2020,19.69
2021,18.81
2022,19.52
2023,19.39
2024,19.45
2025,19.12
2026,18.75
2027,19.67
2028,18.83
2029,18.86
2030,19.22
2031,22.11
2032,24.05
2033,20.64
2034,25.36
2035,22.31
2036,21.9
2037,22.38
2038,21.58
2039,21.2
2040,25.58
2041,19.17
2042,18.77
2043,19.94
2044,20.34
2045,20.2
2046,19.8
2047,19.95
2048,19.78
2049,20.67
2050,19.5
2051,20.12
2052,21.39
2053,20.98
2054,20.39
2055,19.12
2056,19.64
2057,22.39
2058,24.44
2059,26.44
2060,27.66
2061,27.06
2062,24.69
2063,27.19
2064,22.66
2065,58.4
2066,22.83
2067,40.84
2068,21.77
2069,26.7
2070,39.4
2071,27.73
2072,30.4
2073,47.8
2074,45.44
2075,31.2
2076,33.34
2077,45.34
2078,46.3
2079,50.84
2080,38.03
2081,34.12
2082,31.78
2083,28.45
2084,41.06
2085,36.22
2086,41.3
2087,33.06
2088,33.2
2089,30.17
2090,44.22
2091,22.53
2092,33.8
2093,20.98
2094,23.02
2095,22.69
2096,21.73
2097,20.28
2098,19.23
2099,19.89
2100,22.47
2101,21.61
2102,21.77
2103,21.47
2104,29.1
2105,22.44
2106,21.48
2107,21.42
2108,22.1
2109,23.16
2110,20.48
2111,22.2
2112,22.31
2113,23.1
2114,28.56
2115,22.17
2116,22.84
2117,21.42
2118,21.84
2119,24.06
2120,23.56
2121,20.33
2122,19.8
2123,22.22
2124,21.2
2125,21.92
2126,19.89
2127,20.94
2128,19.56
2129,22.92
2130,23.48
2131,22.48
2132,20.55
2133,23.7
2134,21.06
2135,21.06
2136,29.1
2137,21.39
2138,20.27
2139,18.67
2140,18.3
2141,19.97
2142,23.92
2143,26.0
2144,21.1
2145,20.47
2146,21.72
2147,21.31
2148,20.98
2149,22.72
2150,23.8
2151,22.75
2152,26.45
2153,21.0
2154,21.45
2155,21.66
2156,24.17
2157,24.12
2158,22.03
2159,21.12
2160,20.67
2161,32.2
2162,29.81
2163,30.05
2164,25.75
2165,24.86
2166,27.23
2167,33.06
2168,28.36
2169,29.25
2170,28.11
2171,24.62
2172,28.2
2173,28.42
2174,30.45
2175,42.28
2176,31.45
2177,32.06
2178,35.34
2179,32.38
2180,40.84
2181,57.16
2182,52.12
2183,41.94
2184,42.8
2185,34.16
2186,35.03
2187,38.03
2188,31.11
2189,33.97
2190,38.38
2191,26.0
2192,25.7
2193,24.7
2194,20.84
2195,22.38
2196,21.56
2197,22.02
2198,28.61
2199,22.66
2200,22.25
2201,22.33
2202,24.25
2203,21.97
2204,22.55
2205,21.31
2206,21.92
2207,21.48
2208,21.92
2209,21.94
2210,24.48
2211,29.45
2212,22.16
2213,26.97
2214,31.16
2215,27.03
2216,31.39
2217,28.47
2218,38.2
2219,29.12
2220,26.88
2221,32.5
2222,31.75
2223,29.2
2224,29.11
2225,26.1
2226,26.27
2227,25.31
2228,25.44
2229,26.1
2230,31.38
2231,27.86
2232,27.03
2233,36.12
2234,46.75
2235,27.97
2236,55.0
2237,67.44
2238,44.78
2239,63.97
2240,59.47
2241,60.72
2242,36.7
2243,49.97
2244,31.17
2245,58.03
2246,37.78
2247,39.12
2248,29.16
2249,26.69
2250,26.17
2251,26.73
2252,28.47
2253,24.22
2254,25.52
2255,24.2
2256,23.83
2257,24.83
2258,22.02
2259,26.42
2260,29.47
2261,33.22
2262,25.16
2263,25.66
2264,23.6
2265,26.89
2266,22.1
2267,24.28
2268,21.72
2269,23.84
2270,25.36
2271,25.94
2272,29.94
2273,30.42
2274,31.3
2275,20.44
2276,22.03
2277,26.95
2278,19.14
2279,18.9
2280,17.19
2281,18.44
2282,18.45
2283,19.11
2284,18.8
2285,17.94
2286,22.45
2287,18.77
2288,19.08
2289,19.25
2290,20.19
2291,19.05
2292,17.47
2293,17.86
2294,18.33
2295,18.58
2296,18.38
2297,18.16
2298,18.28
2299,18.42
2300,20.44
2301,18.95
2302,18.27
2303,17.95
2304,18.4
2305,18.14
2306,19.92
2307,18.17
2308,18.6
2309,18.69
2310,18.64
2311,18.31
2312,17.89
2313,18.14
2314,18.4
2315,19.31
2316,18.64
2317,20.7
2318,24.64
2319,18.89
2320,35.0
2321,41.3
2322,36.16
2323,29.19
2324,30.16
2325,22.53
2326,29.69
2327,22.16
2328,25.1
2329,24.73
2330,22.53
2331,28.47
2332,27.89
2333,34.62
2334,32.94
2335,26.83
2336,26.11
2337,26.75
2338,23.7
2339,30.03
2340,30.3
2341,27.06
2342,26.69
2343,29.12
2344,29.89
2345,36.53
2346,25.47
2347,25.03
2348,26.5
2349,28.06
2350,25.97
2351,27.14
2352,28.77
2353,27.27
2354,28.42
2355,31.08
2356,29.94
2357,29.12
2358,29.5
2359,26.36
2360,36.06
2361,41.62
2362,27.12
2363,27.5
2364,26.5
2365,26.75
2366,27.06
2367,26.08
2368,29.05
2369,28.36
2370,26.1
2371,24.38
2372,22.55
2373,20.77
2374,21.23
2375,20.66
2376,20.78
2377,19.42
2378,18.31
2379,20.22
2380,20.69
2381,19.44
2382,19.5
2383,23.89
2384,25.25
2385,28.12
2386,30.12
2387,37.9
2388,27.78
2389,37.62
2390,32.47
2391,34.88
2392,39.0
2393,32.25
2394,27.98
2395,34.3
2396,23.19
2397,32.25
2398,30.44
2399,36.2
2400,31.22
2401,37.9
2402,29.22
2403,44.62
2404,43.84
2405,30.75
2406,35.8
2407,28.12
2408,41.22
2409,37.88
2410,31.27
2411,37.72
2412,27.5
2413,34.66
2414,30.34
2415,32.94
2416,27.78
2417,26.28
2418,25.11
2419,24.94
2420,25.25
2421,25.62
2422,25.98
2423,25.08
2424,25.3
2425,25.27
2426,24.9
2427,25.75
2428,28.9
2429,23.98
2430,24.83
2431,39.0
2432,36.9
2433,32.06
2434,40.72
2435,29.8
2436,36.6
2437,28.64
2438,45.3
2439,36.84
2440,39.6
2441,42.56
2442,32.72
2443,38.62
2444,43.1
2445,36.0
2446,40.53
2447,38.72
2448,39.8
2449,46.78
2450,40.0
2451,25.92
2452,26.64
2453,27.0
2454,26.38
2455,26.97
2456,26.9
2457,26.72
2458,31.06
2459,34.3
2460,23.3
2461,22.72
2462,34.0
2463,39.47
2464,36.28
2465,28.14
2466,27.1
2467,42.34
2468,27.8
2469,26.33
2470,36.6
2471,34.78
2472,38.38
2473,31.48
2474,28.19
2475,41.16
2476,37.9
2477,29.28
2478,32.66
2479,32.78
2480,41.66
2481,39.62
2482,30.7
2483,34.5
2484,32.94
2485,26.5
2486,31.94
2487,24.94
2488,31.62
2489,34.28
2490,26.48
2491,37.3
2492,28.62
2493,33.78
2494,23.28
2495,22.16
2496,24.72
2497,21.72
2498,24.67
2499,22.78
2500,28.86
2501,24.28
2502,23.61
2503,25.06
2504,24.0
2505,22.88
2506,26.64
2507,23.33
2508,24.53
2509,22.84
2510,22.95
2511,24.34
2512,24.73
2513,23.78
2514,23.1
2515,22.81
2516,23.64
2517,23.34
2518,23.52
2519,23.98
2520,23.22
2521,22.69
2522,24.05
2523,22.86
2524,29.53
2525,31.75
2526,22.3
2527,19.06
2528,18.69
2529,18.72
2530,18.9
2531,21.84
2532,25.22
2533,20.08
2534,23.0
2535,21.16
2536,22.1
2537,21.03
2538,23.08
2539,22.47
2540,22.77
2541,22.25
2542,22.9
2543,21.72
2544,21.92
2545,20.83
2546,21.78
2547,23.81
2548,25.23
2549,25.23
2550,22.17
2551,26.45
2552,22.92
2553,24.92
2554,22.08
2555,25.56
2556,22.89
2557,22.16
2558,21.81
2559,22.2
2560,24.05
2561,24.95
2562,24.0
2563,21.83
2564,20.86
2565,24.81
2566,26.31
2567,27.06
2568,24.64
2569,24.88
2570,25.58
2571,26.22
2572,25.36
2573,28.31
2574,30.98
2575,35.16
2576,43.66
2577,45.03
2578,34.22
2579,27.67
2580,28.7
2581,27.6
2582,34.1
2583,27.66
2584,29.62
2585,28.22
2586,26.47
2587,25.77
2588,24.6
2589,23.5
2590,30.55
2591,25.14
2592,27.27
2593,25.53
2594,25.61
2595,24.39
2596,26.03
2597,26.39
2598,25.27
2599,23.67
2600,25.69
2601,24.11
2602,24.97
2603,25.48
2604,22.0
2605,20.06
2606,20.95
2607,24.08
2608,21.44
2609,21.02
2610,20.8
2611,22.61
2612,20.27
2613,20.44
2614,19.95
2615,19.58
2616,23.06
2617,19.33
2618,19.69
2619,20.33
2620,22.14
2621,20.52
2622,21.45
2623,21.53
2624,20.03
2625,22.78
2626,23.31
2627,31.4
2628,38.66
2629,66.06
2630,62.75
2631,70.0
2632,45.3
2633,48.8
2634,46.38
2635,34.3
2636,41.0
2637,35.28
2638,28.88
2639,33.72
2640,32.6
2641,31.86
2642,28.39
2643,29.8
2644,28.55
2645,29.16
2646,29.88
2647,28.92
2648,25.12
2649,28.36
2650,26.66
2651,27.73
2652,29.42
2653,26.69
2654,27.08
2655,30.11
2656,29.05
2657,26.23
2658,32.9
2659,27.12
2660,26.64
2661,29.97
2662,28.73
2663,31.33
2664,29.6
2665,30.92
2666,29.45
2667,31.58
2668,27.23
2669,30.27
2670,30.42
2671,32.8
2672,29.86
2673,27.61
2674,28.39
2675,28.81
2676,28.83
2677,27.67
2678,27.94
2679,25.7
2680,26.3
2681,28.06
2682,27.05
2683,27.03
2684,28.02
2685,28.66
2686,28.31
2687,28.17
2688,28.78
2689,35.3
2690,32.38
2691,28.44
2692,33.88
2693,29.08
2694,27.95
2695,28.77
2696,27.72
2697,28.33
2698,29.88
2699,31.39
2700,33.9
2701,25.42
2702,28.14
2703,22.98
2704,23.38
2705,24.1
2706,23.95
2707,24.97
2708,23.61
2709,23.56
2710,24.67
2711,23.86
2712,22.62
2713,22.33
2714,21.72
2715,22.31
2716,21.9
2717,21.97
2718,22.62
2719,23.88
2720,24.19
2721,22.64
2722,25.44
2723,24.45
2724,23.5
2725,24.47
2726,24.52
2727,23.34
2728,25.27
2729,22.9
2730,25.28
2731,24.75
2732,23.16
2733,24.53
2734,31.0
2735,28.05
2736,29.11
2737,26.16
2738,28.73
2739,26.94
2740,29.88
2741,28.86
2742,32.6
2743,25.83
2744,30.39
2745,32.06
2746,28.66
2747,24.97
2748,26.92
2749,31.25
2750,30.16
2751,26.72
2752,30.3
2753,28.47
2754,33.56
2755,30.69
2756,27.22
2757,27.61
2758,27.22
2759,22.81
2760,23.14
2761,23.02
2762,22.39
2763,23.22
2764,23.06
2765,22.86
2766,22.11
2767,22.92
2768,23.08
2769,23.1
2770,24.1
2771,25.97
2772,25.48
2773,26.44
2774,25.92
2775,30.25
2776,19.1
2777,19.25
2778,27.1
2779,28.97
2780,47.94
2781,24.86
2782,27.0
2783,27.95
2784,27.19
2785,27.88
2786,29.62
2787,30.58
2788,31.11
2789,29.98
2790,37.75
2791,31.58
2792,39.12
2793,31.1
2794,32.38
2795,33.28
2796,38.72
2797,34.5
2798,41.5
2799,37.94
2800,33.62
2801,32.25
2802,35.25
2803,33.84
2804,44.3
2805,31.05
2806,35.6
2807,29.08
2808,27.86
2809,32.34
2810,35.97
2811,58.75
2812,50.3
2813,34.28
2814,37.16
2815,34.53
2816,29.36
2817,44.22
2818,40.0
2819,30.84
2820,26.52
2821,26.25
2822,25.36
2823,26.6
2824,26.08
2825,25.33
2826,27.6
2827,26.6
2828,26.34
2829,26.61
2830,25.64
2831,28.38
2832,26.7
2833,27.17
2834,25.78
2835,24.48
2836,23.78
2837,25.2
2838,27.33
2839,25.25
2840,26.53
2841,23.42
2842,27.89
2843,26.67
2844,27.0
2845,25.6
2846,25.67
2847,26.89
2848,28.03
2849,24.86
2850,30.73
2851,26.9
2852,27.45
2853,26.25
2854,25.4
2855,24.88
2856,27.8
2857,28.0
2858,25.94
2859,19.5
2860,21.7
2861,22.61
2862,21.62
2863,20.03
2864,19.69
2865,19.56
2866,18.9
2867,19.73
2868,19.4
2869,18.34
2870,26.14
2871,31.89
2872,23.66
2873,21.67
2874,21.22
2875,24.5
2876,22.27
2877,28.25
2878,28.92
2879,28.53
2880,30.89
2881,28.44
2882,21.14
2883,20.61
2884,22.05
2885,20.08
2886,20.19
2887,21.89
2888,21.78
2889,21.6
2890,20.81
2891,23.64
2892,18.94
2893,18.75
2894,19.36
2895,18.88
2896,20.11
2897,19.77
2898,17.9
2899,19.1
2900,22.33
2901,22.7
2902,26.22
2903,23.12
2904,22.88
2905,22.16
2906,22.48
2907,21.5
2908,22.31
2909,25.98
2910,27.78
2911,24.16
2912,25.08
2913,27.53
2914,31.1
2915,30.61
2916,25.53
2917,30.72
2918,38.38
2919,30.36
2920,28.1
2921,26.92
2922,28.88
2923,29.42
2924,26.64
2925,26.86
2926,27.4
2927,25.16
2928,26.36
2929,55.1
2930,42.75
2931,50.4
2932,46.25
2933,46.3
2934,39.12
2935,40.28
2936,39.34
2937,46.5
2938,63.12
2939,59.38
2940,53.28
2941,101.44
2942,45.88
2943,39.0
2944,31.8
2945,33.25
2946,34.34
2947,47.28
2948,29.3
2949,48.88
2950,32.8
2951,33.53
2952,42.75
2953,38.53
2954,31.31
2955,28.69
2956,34.16
2957,28.98
2958,34.12
2959,31.11
2960,36.72
2961,30.02
2962,26.78
2963,37.5
2964,34.22
2965,24.12
2966,23.8
2967,23.2
2968,24.67
2969,24.44
2970,25.27
2971,24.66
2972,26.03
2973,25.0
2974,25.97
2975,28.86
2976,22.8
2977,22.81
2978,22.12
2979,23.67
2980,21.2
2981,20.3
2982,21.08
2983,20.42
2984,19.5
2985,20.39
2986,20.6
2987,20.31
2988,20.44
2989,20.62
2990,20.61
2991,21.92
2992,20.31
2993,27.83
2994,23.12
2995,22.16
2996,21.4
2997,22.81
2998,21.47
2999,20.72
3000,20.08
3001,21.17
3002,20.61
3003,20.97
3004,20.66
3005,19.16
3006,20.4
3007,20.44
3008,21.08
3009,20.72
3010,20.7
3011,20.52
3012,20.56
3013,20.69
3014,22.75
3015,21.7
3016,22.17
3017,21.08
3018,22.06
3019,22.86
3020,19.28
3021,21.28
3022,22.03
3023,22.4
3024,21.75
3025,22.75
3026,20.3
3027,21.88
3028,23.38
3029,23.9
3030,24.4
3031,23.53
3032,23.44
3033,24.14
3034,24.47
3035,20.5
3036,21.39
3037,20.22
3038,21.5
3039,21.05
3040,20.52
3041,22.36
3042,22.64
3043,22.28
3044,22.16
3045,21.89
3046,21.88
3047,21.97
3048,26.64
3049,18.95
3050,19.84
3051,18.3
3052,21.94
3053,26.9
3054,22.12
3055,28.08
3056,23.33
3057,22.22
3058,21.47
3059,19.98
3060,23.03
3061,22.23
3062,21.55
3063,21.9
3064,25.23
3065,20.33
3066,20.17
3067,19.89
3068,20.25
3069,19.62
3070,20.0
3071,23.2
3072,24.45
3073,36.84
3074,25.61
3075,26.61
3076,25.56
3077,31.42
3078,28.0
3079,34.0
3080,25.19
3081,28.5
3082,20.9
3083,25.25
3084,22.81
3085,25.84
3086,28.1
3087,28.27
3088,32.75
3089,35.47
3090,39.56
3091,18.27
3092,21.0
3093,18.8
3094,20.06
3095,19.72
3096,20.47
3097,20.22
3098,21.2
3099,21.66
3100,22.67
3101,21.73
3102,21.72
3103,20.81
3104,19.75
3105,20.7
3106,21.78
3107,20.9
3108,21.56
3109,22.23
3110,20.75
3111,20.42
3112,18.89
