,median_accessibility
0,16.0
1,17.36
2,60.6
3,42.94
4,51.38
5,74.6
6,69.3
7,82.75
8,68.9
9,65.2
10,23.25
11,25.88
12,25.9
13,24.25
14,29.02
15,33.53
16,25.47
17,25.64
18,27.4
19,27.38
20,26.95
21,24.61
22,28.98
23,26.73
24,28.19
25,27.84
26,29.1
27,30.19
28,28.83
29,29.14
30,25.58
31,27.9
32,26.39
33,26.94
34,34.9
35,32.56
36,23.38
37,22.39
38,27.69
39,25.0
40,19.56
41,23.67
42,21.12
43,18.42
44,18.47
45,20.69
46,19.8
47,20.5
48,21.83
49,25.42
50,23.83
51,29.17
52,39.75
53,34.5
54,26.33
55,21.03
56,22.36
57,21.34
58,23.0
59,23.39
60,20.78
61,23.1
62,25.25
63,24.84
64,22.89
65,25.08
66,21.28
67,16.12
68,17.12
69,18.3
70,18.53
71,15.19
72,16.6
73,14.25
74,14.484
75,16.33
76,15.414
77,15.5
78,15.734
79,32.34
80,46.38
81,115.8
82,61.84
83,93.9
84,96.2
85,94.75
86,83.6
87,83.8
88,95.6
89,71.5
90,71.75
91,82.9
92,58.88
93,58.97
94,71.5
95,54.12
96,52.0
97,37.75
98,56.66
99,42.97
100,103.0
101,63.1
102,91.6
103,81.06
104,70.94
105,57.94
106,45.2
107,37.53
108,54.16
109,46.72
110,46.9
111,62.53
112,59.44
113,93.3
114,89.5
115,79.9
116,72.9
117,45.06
118,77.9
119,76.9
120,72.0
121,31.5
122,61.3
123,46.5
124,52.94
125,41.8
126,49.6
127,40.7
128,58.8
129,50.75
130,45.0
131,36.84
132,57.53
133,82.4
134,69.06
135,55.47
136,95.5
137,66.7
138,81.44
139,67.6
140,54.3
141,39.94
142,67.8
143,56.0
144,45.88
145,67.4
146,53.56
147,42.88
148,61.5
149,52.7
150,41.12
151,55.5
152,58.0
153,41.66
154,55.62
155,49.84
156,63.75
157,68.25
158,80.3
159,72.1
160,52.75
161,45.88
162,63.53
163,39.88
164,59.03
165,60.2
166,41.4
167,30.12
168,45.44
169,49.38
170,42.72
171,29.45
172,52.6
173,27.98
174,54.6
175,41.1
176,31.72
177,47.62
178,54.53
179,43.38
180,50.72
181,47.38
182,38.56
183,43.38
184,58.75
185,51.38
186,44.72
187,48.3
188,46.4
189,48.28
190,40.9
191,52.3
192,41.8
193,38.8
194,44.62
195,58.16
196,98.1
197,85.6
198,74.9
199,63.94
200,46.12
201,35.97
202,38.1
203,41.03
204,40.03
205,34.12
206,35.12
207,40.38
208,34.06
209,33.56
210,33.6
211,34.22
212,33.47
213,35.44
214,32.16
215,34.53
216,33.44
217,39.62
218,35.4
219,33.62
220,34.28
221,32.3
222,32.25
223,31.53
224,33.22
225,38.8
226,31.73
227,31.72
228,34.94
229,32.88
230,31.83
231,32.94
232,33.2
233,33.4
234,33.25
235,34.75
236,32.2
237,30.77
238,33.4
239,33.25
240,33.06
241,33.03
242,33.38
243,32.3
244,32.0
245,32.75
246,34.7
247,33.3
248,28.45
249,35.94
250,33.16
251,23.38
252,35.62
253,28.38
254,24.53
255,27.12
256,29.73
257,39.4
258,32.7
259,31.81
260,30.61
261,28.47
262,34.94
263,32.94
264,35.22
265,53.38
266,82.75
267,60.3
268,72.6
269,51.0
270,73.9
271,63.56
272,80.44
273,74.6
274,82.9
275,84.7
276,34.88
277,48.6
278,74.75
279,78.0
280,67.0
281,56.2
282,63.8
283,29.9
284,66.5
285,58.8
286,48.7
287,39.78
288,38.3
289,47.94
290,57.5
291,80.2
292,45.7
293,33.6
294,72.8
295,38.12
296,50.8
297,61.66
298,56.0
299,63.38
300,69.8
301,31.78
302,38.47
303,39.53
304,54.38
305,35.84
306,46.62
307,48.06
308,43.28
309,29.8
310,38.2
311,44.7
312,33.38
313,36.0
314,34.47
315,30.0
316,30.8
317,43.28
318,41.75
319,29.4
320,45.1
321,38.38
322,32.53
323,37.1
324,31.6
325,57.84
326,36.47
327,26.06
328,20.69
329,23.75
330,26.72
331,44.5
332,14.7
333,32.53
334,32.38
335,33.12
336,32.9
337,32.16
338,34.38
339,32.3
340,31.9
341,25.08
342,23.62
343,24.14
344,24.42
345,23.66
346,24.12
347,24.14
348,24.42
349,23.6
350,23.33
351,23.98
352,22.66
353,23.38
354,25.25
355,25.27
356,25.53
357,28.67
358,25.73
359,24.97
360,26.12
361,26.47
362,28.22
363,26.05
364,29.1
365,36.8
366,29.3
367,28.53
368,34.2
369,29.97
370,29.47
371,28.34
372,28.61
373,28.53
374,36.06
375,21.06
376,16.97
377,15.13
378,31.2
379,17.8
380,13.83
381,14.63
382,14.32
383,14.48
384,14.37
385,20.47
386,20.39
387,23.92
388,25.16
389,23.28
390,33.8
391,15.625
392,24.17
393,19.97
394,22.19
395,36.44
396,37.5
397,28.86
398,30.2
399,30.64
400,58.75
401,37.7
402,35.7
403,33.75
404,33.8
405,48.44
406,65.8
407,45.12
408,36.53
409,56.2
410,51.2
411,37.56
412,56.12
413,29.19
414,37.97
415,38.38
416,43.88
417,43.88
418,55.75
419,40.62
420,47.25
421,41.47
422,38.66
423,31.86
424,33.78
425,41.7
426,34.7
427,40.3
428,49.47
429,34.1
430,36.88
431,53.12
432,52.44
433,51.66
434,51.12
435,38.22
436,23.02
437,69.25
438,56.0
439,53.72
440,44.62
441,39.22
442,39.9
443,44.78
444,62.75
445,55.25
446,57.97
447,55.7
448,65.25
449,25.44
450,25.44
451,23.47
452,22.72
453,25.19
454,29.48
455,26.94
456,28.05
457,29.33
458,32.56
459,64.4
460,26.53
461,24.94
462,24.55
463,26.47
464,35.9
465,47.75
466,39.03
467,67.7
468,68.56
469,37.7
470,44.2
471,61.34
472,51.6
473,47.25
474,30.56
475,31.55
476,31.9
477,39.2
478,43.25
479,29.1
480,28.02
481,38.75
482,25.61
483,25.94
484,27.5
485,27.4
486,34.84
487,38.25
488,26.38
489,31.75
490,44.38
491,35.75
492,35.4
493,40.28
494,29.38
495,29.55
496,28.77
497,36.62
498,40.25
499,29.5
500,43.62
501,22.61
502,35.3
503,24.83
504,21.67
505,39.06
506,40.03
507,32.44
508,35.44
509,22.84
510,26.1
511,26.38
512,43.88
513,61.25
514,64.5
515,35.66
516,28.23
517,51.1
518,60.16
519,35.66
520,31.12
521,36.88
522,48.34
523,33.06
524,41.0
525,33.5
526,30.06
527,27.94
528,35.12
529,23.08
530,27.67
531,27.44
532,30.75
533,27.53
534,22.52
535,28.06
536,25.6
537,29.4
538,28.42
539,26.4
540,26.17
541,24.45
542,27.83
543,28.6
544,29.36
545,29.19
546,33.75
547,27.83
548,24.92
549,28.47
550,23.53
551,34.7
552,35.25
553,13.734
554,14.17
555,15.766
556,20.7
557,17.53
558,16.84
559,16.44
560,14.445
561,14.875
562,13.75
563,15.875
564,15.266
565,15.875
566,14.78
567,14.81
568,15.945
569,17.81
570,17.5
571,19.22
572,13.78
573,14.33
574,13.49
575,15.125
576,14.92
577,14.59
578,13.89
579,16.56
580,15.44
581,16.58
582,16.36
583,16.95
584,15.13
585,14.375
586,14.29
587,14.36
588,14.86
589,15.484
590,15.66
591,20.7
592,15.086
593,14.91
594,14.31
595,14.05
596,14.58
597,13.98
598,22.02
599,17.4
600,16.73
601,16.12
602,17.4
603,17.34
604,40.12
605,15.0
606,15.766
607,22.78
608,18.56
609,17.1
610,14.64
611,13.72
612,15.625
613,16.56
614,14.32
615,17.38
616,16.31
617,14.59
618,14.94
619,14.84
620,15.125
621,15.695
622,15.05
623,16.33
624,14.516
625,13.59
626,13.79
627,14.16
628,14.1
629,14.016
630,13.91
631,14.83
632,14.45
633,15.76
634,15.25
635,15.375
636,15.72
637,15.31
638,14.836
639,14.78
640,14.3
641,14.81
642,14.625
643,14.59
644,14.27
645,14.3
646,14.445
647,14.59
648,13.336
649,13.664
650,13.48
651,13.836
652,14.164
653,14.375
654,14.8
655,14.06
656,14.53
657,14.11
658,14.85
659,16.22
660,14.65
661,16.06
662,14.36
663,13.97
664,15.96
665,15.11
666,14.75
667,14.64
668,14.484
669,15.11
670,14.04
671,13.92
672,13.41
673,14.69
674,14.45
675,14.49
676,13.92
677,14.89
678,14.51
679,14.35
680,14.91
681,14.48
682,14.34
683,14.23
684,14.19
685,14.64
686,15.086
687,15.27
688,15.1
689,13.586
690,14.91
691,14.734
692,13.74
693,13.83
694,14.8
695,13.945
696,13.89
697,14.39
698,14.34
699,14.08
700,14.2
701,14.24
702,13.6
703,14.15
704,14.125
705,13.97
706,14.11
707,14.086
708,15.016
709,14.74
710,14.22
711,14.445
712,14.9
713,15.0
714,14.66
715,15.414
716,14.734
717,14.56
718,14.19
719,14.56
720,14.15
721,14.734
722,14.84
723,14.03
724,13.96
725,14.0
726,14.234
727,14.0
728,13.92
729,13.85
730,13.586
731,13.695
732,14.234
733,14.82
734,14.19
735,13.984
736,14.06
737,14.35
738,13.85
739,13.11
740,14.125
741,14.016
742,14.53
743,14.81
744,14.234
745,13.336
746,14.22
747,13.914
748,14.266
749,13.94
750,14.12
751,14.06
752,14.09
753,14.02
754,13.26
755,13.63
756,13.36
757,13.64
758,16.5
759,16.22
760,14.42
761,18.81
762,14.66
763,14.234
764,14.19
765,14.35
766,14.484
767,15.41
768,15.06
769,13.99
770,13.47
771,14.27
772,14.56
773,13.93
774,14.055
775,14.695
776,14.21
777,14.75
778,15.02
779,15.375
780,14.38
781,14.51
782,14.5
783,14.305
784,14.4
785,14.625
786,14.33
787,14.31
788,14.33
789,14.34
790,14.47
791,13.484
792,14.45
793,14.54
794,15.25
795,17.1
796,16.02
797,14.78
798,14.93
799,14.59
800,15.17
801,13.734
802,14.67
803,15.29
804,15.086
805,15.2
806,14.99
807,15.45
808,15.0
809,14.92
810,14.484
811,15.04
812,15.305
813,15.42
814,15.34
815,15.11
816,15.125
817,15.14
818,15.016
819,15.18
820,15.734
821,16.12
822,14.69
823,14.195
824,14.86
825,15.31
826,14.69
827,15.36
828,15.984
829,15.33
830,15.53
831,15.61
832,15.55
833,15.266
834,15.08
835,15.06
836,15.695
837,15.72
838,15.03
839,15.805
840,15.76
841,15.68
842,15.38
843,15.65
844,15.234
845,15.89
846,15.43
847,15.22
848,15.66
849,23.9
850,48.12
851,15.01
852,18.81
853,15.6
854,16.25
855,17.62
856,16.45
857,18.52
858,14.914
859,15.91
860,15.19
861,27.89
862,28.56
863,28.94
864,28.97
865,21.44
866,18.16
867,20.28
868,16.67
869,23.48
870,22.19
871,22.66
872,15.66
873,16.58
874,17.86
875,15.55
876,15.695
877,14.54
878,15.36
879,15.37
880,15.27
881,15.414
882,15.164
883,14.7
884,15.37
885,15.33
886,15.56
887,15.53
888,15.305
889,14.79
890,17.94
891,17.6
892,15.77
893,16.14
894,15.836
895,15.14
896,15.3
897,15.13
898,15.48
899,16.1
900,16.1
901,16.94
902,15.59
903,15.59
904,14.664
905,15.13
906,15.44
907,14.71
908,15.61
909,15.586
910,15.125
911,16.08
912,15.766
913,15.61
914,15.72
915,15.8
916,15.35
917,15.61
918,15.65
919,17.28
920,15.91
921,17.62
922,16.34
923,17.6
924,17.81
925,16.64
926,18.27
927,17.5
928,17.28
929,18.19
930,19.72
931,15.59
932,16.78
933,16.97
934,14.97
935,15.72
936,15.18
937,15.31
938,16.17
939,15.38
940,19.1
941,20.67
942,23.86
943,18.12
944,18.9
945,19.66
946,18.03
947,15.3
948,15.88
949,14.66
950,15.3
951,15.69
952,15.63
953,15.49
954,15.56
955,15.47
956,15.66
957,15.15
958,15.31
959,14.8
960,15.11
961,14.53
962,14.45
963,15.305
964,15.91
965,15.305
966,16.31
967,15.63
968,15.836
969,15.87
970,15.36
971,15.16
972,15.336
973,15.31
974,16.16
975,15.55
976,15.67
977,15.81
978,16.5
979,17.27
980,17.38
981,18.4
982,18.75
983,14.66
984,16.42
985,16.73
986,14.02
987,15.336
988,14.984
989,14.61
990,14.88
991,15.34
992,16.42
993,16.84
994,14.32
995,14.85
996,15.15
997,15.99
998,14.61
999,14.18
1000,15.625
1001,14.64
1002,14.77
1003,14.7
1004,14.66
1005,17.31
1006,15.5
1007,15.67
1008,16.02
1009,15.38
1010,14.61
1011,16.4
1012,14.82
1013,14.86
1014,14.66
1015,15.02
1016,15.84
1017,15.5
1018,14.24
1019,15.14
1020,14.37
1021,15.21
1022,15.5
1023,15.625
1024,15.59
1025,15.016
1026,14.62
1027,15.75
1028,15.47
1029,16.33
1030,15.91
1031,15.695
1032,15.81
1033,15.25
1034,15.86
1035,15.516
1036,15.8
1037,16.16
1038,15.69
1039,15.67
1040,15.516
1041,15.89
1042,15.72
1043,16.06
1044,15.81
1045,15.445
1046,14.94
1047,15.734
1048,15.55
1049,15.78
1050,15.26
1051,15.91
1052,15.72
1053,15.03
1054,15.484
1055,16.66
1056,16.47
1057,14.195
1058,14.2
1059,14.95
1060,20.0
1061,17.38
1062,16.77
1063,15.56
1064,17.44
1065,20.06
1066,16.56
1067,20.03
1068,17.4
1069,17.61
1070,17.73
1071,18.16
1072,16.45
1073,16.47
1074,16.06
1075,16.28
1076,15.33
1077,16.02
1078,15.625
1079,15.33
1080,15.37
1081,16.2
1082,16.5
1083,16.84
1084,16.2
1085,16.1
1086,16.4
1087,15.42
1088,16.5
1089,15.84
1090,16.03
1091,16.27
1092,16.02
1093,16.0
1094,17.19
1095,16.39
1096,16.1
1097,15.945
1098,16.47
1099,16.39
1100,15.44
1101,16.66
1102,16.19
1103,17.0
1104,17.12
1105,16.08
1106,15.34
1107,15.54
1108,16.36
1109,14.69
1110,24.36
1111,17.55
1112,17.38
1113,20.17
1114,19.66
1115,18.0
1116,18.03
1117,23.28
1118,22.34
1119,20.05
1120,18.34
1121,15.695
1122,15.55
1123,16.1
1124,16.53
1125,16.19
1126,14.74
1127,16.4
1128,15.84
1129,15.69
1130,16.58
1131,16.12
1132,16.33
1133,15.74
1134,17.1
1135,15.27
1136,15.95
1137,15.91
1138,16.5
1139,16.6
1140,16.27
1141,15.63
1142,17.06
1143,17.05
1144,14.53
1145,15.734
1146,15.18
1147,15.41
1148,18.02
1149,18.16
1150,17.69
1151,18.0
1152,17.88
1153,17.3
1154,17.28
1155,17.47
1156,16.97
1157,16.39
1158,16.98
1159,17.58
1160,18.28
1161,18.28
1162,18.33
1163,18.25
1164,18.31
1165,16.9
1166,16.94
1167,17.36
1168,17.25
1169,17.33
1170,16.36
1171,16.97
1172,16.92
1173,18.31
1174,15.15
1175,19.28
1176,15.75
1177,16.69
1178,16.19
1179,16.31
1180,15.39
1181,15.92
1182,15.63
1183,16.42
1184,16.81
1185,16.34
1186,15.46
1187,17.81
1188,16.39
1189,20.83
1190,19.45
1191,19.5
1192,37.34
1193,21.78
1194,19.12
1195,17.6
1196,19.47
1197,20.9
1198,22.53
1199,20.22
1200,23.12
1201,23.95
1202,20.97
1203,23.03
1204,20.75
1205,21.34
1206,19.81
1207,19.88
1208,21.97
1209,22.16
1210,21.05
1211,23.03
1212,23.23
1213,20.0
1214,22.16
1215,23.05
1216,20.69
1217,26.34
1218,21.3
1219,21.55
1220,23.28
1221,21.77
1222,21.4
1223,20.38
1224,20.27
1225,30.58
1226,30.02
1227,23.77
1228,32.88
1229,24.11
1230,23.31
1231,28.53
1232,20.88
1233,19.97
1234,17.1
1235,21.02
1236,17.14
1237,18.14
1238,19.81
1239,18.27
1240,19.8
1241,18.88
1242,18.23
1243,18.11
1244,19.89
1245,19.58
1246,19.28
1247,19.38
1248,20.39
1249,21.6
1250,20.22
1251,20.55
1252,21.58
1253,21.23
1254,19.84
1255,20.66
1256,19.61
1257,21.06
1258,20.47
1259,20.2
1260,19.4
1261,19.33
1262,18.84
1263,19.77
1264,19.55
1265,19.95
1266,19.16
1267,19.1
1268,19.4
1269,19.72
1270,19.6
1271,19.86
1272,19.84
1273,20.0
1274,19.83
1275,19.89
1276,19.75
1277,19.61
1278,19.42
1279,18.64
1280,19.28
1281,18.3
1282,19.97
1283,19.81
1284,19.55
1285,19.75
1286,19.38
1287,19.55
1288,20.34
1289,18.72
1290,18.86
1291,19.78
1292,19.95
1293,19.44
1294,19.52
1295,19.56
1296,19.17
1297,19.58
1298,19.56
1299,19.33
1300,19.19
1301,19.0
1302,19.2
1303,19.0
1304,20.33
1305,21.03
1306,19.9
1307,19.83
1308,19.69
1309,20.22
1310,20.62
1311,20.5
1312,19.89
1313,19.06
1314,19.12
1315,19.19
1316,19.19
1317,19.22
1318,20.3
1319,20.08
1320,19.89
1321,20.36
1322,18.88
1323,18.53
1324,19.44
1325,18.58
1326,17.36
1327,18.44
1328,17.83
1329,18.56
1330,19.0
1331,18.97
1332,17.94
1333,19.2
1334,18.1
1335,18.44
1336,19.95
1337,18.7
1338,19.67
1339,18.31
1340,18.34
1341,18.97
1342,18.83
1343,18.25
1344,18.02
1345,19.03
1346,19.19
1347,18.1
1348,18.28
1349,17.61
1350,17.58
1351,18.31
1352,17.0
1353,17.17
1354,17.08
1355,17.0
1356,18.72
1357,18.5
1358,19.39
1359,18.45
1360,18.14
1361,18.16
1362,18.12
1363,18.78
1364,19.02
1365,17.3
1366,18.86
1367,18.8
1368,19.97
1369,19.69
1370,19.66
1371,18.64
1372,19.67
1373,19.67
1374,19.42
1375,19.55
1376,19.83
1377,19.89
1378,19.0
1379,20.1
1380,20.53
1381,20.89
1382,21.14
1383,19.23
1384,19.94
1385,19.89
1386,18.0
1387,18.61
1388,18.6
1389,19.17
1390,18.48
1391,20.98
1392,18.84
1393,18.52
1394,18.05
1395,21.17
1396,22.12
1397,20.83
1398,18.7
1399,18.4
1400,18.56
1401,18.39
1402,18.3
1403,18.48
1404,18.66
1405,18.16
1406,19.1
1407,18.64
1408,17.67
1409,19.73
1410,18.47
1411,18.92
1412,18.61
1413,18.78
1414,19.0
1415,17.78
1416,19.4
1417,19.6
1418,19.5
1419,19.66
1420,19.39
1421,19.56
1422,18.05
1423,18.36
1424,19.06
1425,19.97
1426,19.53
1427,19.27
1428,19.58
1429,19.1
1430,19.28
1431,19.56
1432,19.48
1433,18.42
1434,19.4
1435,19.64
1436,22.44
1437,20.67
1438,20.08
1439,20.53
1440,20.31
1441,19.95
1442,19.62
1443,20.19
1444,19.9
1445,18.62
1446,19.56
1447,20.4
1448,19.22
1449,19.94
1450,19.25
1451,18.67
1452,18.97
1453,18.8
1454,18.28
1455,19.08
1456,20.53
1457,18.28
1458,19.0
1459,18.94
1460,18.75
1461,19.12
1462,20.72
1463,21.05
1464,20.19
1465,22.72
1466,17.0
1467,17.34
1468,17.22
1469,17.03
1470,16.75
1471,17.84
1472,16.45
1473,17.27
1474,17.61
1475,18.31
1476,18.36
1477,17.83
1478,16.81
1479,18.47
1480,17.7
1481,17.03
1482,18.16
1483,16.92
1484,17.12
1485,18.1
1486,17.19
1487,17.16
1488,17.05
1489,17.94
1490,18.05
1491,17.84
1492,17.67
1493,17.72
1494,17.73
1495,17.44
1496,17.3
1497,17.39
1498,17.75
1499,17.5
1500,18.1
1501,17.2
1502,17.95
1503,18.34
1504,17.9
1505,17.64
1506,16.9
1507,17.3
1508,16.89
1509,17.55
1510,17.22
1511,18.23
1512,18.28
1513,17.61
1514,17.67
1515,18.28
1516,18.47
1517,17.97
1518,17.6
1519,17.64
1520,17.45
1521,17.47
1522,17.39
1523,17.3
1524,17.5
1525,17.94
1526,17.67
1527,17.64
1528,17.77
1529,18.08
1530,17.64
1531,17.56
1532,17.88
1533,17.88
1534,17.95
1535,17.81
1536,17.84
1537,17.97
1538,17.81
1539,18.17
1540,18.19
1541,17.98
1542,18.3
1543,18.53
1544,18.67
1545,18.17
1546,19.52
1547,17.56
1548,18.12
1549,17.94
1550,17.34
1551,18.1
1552,17.95
1553,17.95
1554,17.55
1555,17.17
1556,17.5
1557,17.06
1558,17.44
1559,17.3
1560,16.28
1561,30.94
1562,25.34
1563,19.88
1564,18.66
1565,23.12
1566,29.45
1567,26.6
1568,22.72
1569,34.84
1570,22.62
1571,20.77
1572,20.05
1573,31.4
1574,25.34
1575,22.42
1576,22.44
1577,19.98
1578,19.2
1579,18.36
1580,18.83
1581,19.22
1582,18.75
1583,19.38
1584,20.19
1585,20.22
1586,19.83
1587,20.9
1588,18.69
1589,17.8
1590,17.12
1591,17.89
1592,17.89
1593,17.66
1594,18.36
1595,18.38
1596,16.77
1597,19.2
1598,19.06
1599,18.95
1600,19.31
1601,17.88
1602,17.5
1603,19.1
1604,18.61
1605,17.1
1606,18.34
1607,19.11
1608,17.27
1609,19.78
1610,18.03
1611,16.95
1612,21.34
1613,21.8
1614,18.61
1615,17.62
1616,16.16
1617,17.11
1618,16.19
1619,18.42
1620,17.02
1621,16.72
1622,16.39
1623,16.69
1624,17.03
1625,15.28
1626,15.66
1627,21.64
1628,16.95
1629,16.45
1630,17.16
1631,17.58
1632,17.27
1633,17.38
1634,33.44
1635,19.66
1636,24.75
1637,22.05
1638,23.78
1639,27.3
1640,21.77
1641,24.12
1642,21.84
1643,25.84
1644,25.38
1645,21.05
1646,31.6
1647,28.81
1648,24.6
1649,29.94
1650,24.9
1651,28.84
1652,24.1
1653,22.34
1654,24.28
1655,18.7
1656,20.17
1657,19.62
1658,20.97
1659,21.4
1660,19.11
1661,18.81
1662,22.44
1663,23.1
1664,20.25
1665,19.9
1666,19.28
1667,20.94
1668,20.66
1669,19.75
1670,19.55
1671,20.55
1672,17.58
1673,19.56
1674,16.45
1675,17.97
1676,29.12
1677,19.89
1678,25.75
1679,24.45
1680,27.75
1681,22.4
1682,23.25
1683,21.7
1684,21.98
1685,25.23
1686,23.11
1687,25.11
1688,22.27
1689,21.23
1690,21.06
1691,27.58
1692,24.12
1693,21.48
1694,24.88
1695,21.53
1696,27.8
1697,17.06
1698,20.31
1699,22.0
1700,20.25
1701,21.84
1702,20.9
1703,18.66
1704,16.81
1705,17.25
1706,17.5
1707,26.22
1708,23.33
1709,20.16
1710,26.05
1711,20.39
1712,22.28
1713,17.33
1714,26.67
1715,25.1
1716,29.36
1717,29.62
1718,29.2
1719,28.98
1720,29.12
1721,29.12
1722,29.78
1723,28.81
1724,29.78
1725,28.45
1726,33.9
1727,18.92
1728,21.38
1729,24.08
1730,21.16
1731,22.94
1732,19.94
1733,19.45
1734,17.1
1735,17.7
1736,18.33
1737,20.08
1738,18.05
1739,19.47
1740,19.28
1741,20.75
1742,21.8
1743,23.11
1744,21.48
1745,23.45
1746,21.53
1747,20.94
1748,17.19
1749,17.9
1750,18.78
1751,20.73
1752,17.88
1753,19.16
1754,19.14
1755,19.73
1756,20.14
1757,21.0
1758,19.7
1759,18.5
1760,19.38
1761,20.16
1762,21.14
1763,21.2
1764,21.53
1765,19.86
1766,21.9
1767,21.62
1768,20.97
1769,25.47
1770,22.12
1771,23.8
1772,24.94
1773,31.77
1774,22.45
1775,22.12
1776,37.06
1777,38.6
1778,34.53
1779,36.6
1780,25.1
1781,24.58
1782,26.08
1783,28.53
1784,26.53
1785,27.12
1786,28.0
1787,29.33
1788,28.69
1789,26.39
1790,26.78
1791,25.9
1792,28.62
1793,30.66
1794,30.03
1795,28.3
1796,27.58
1797,24.2
1798,25.52
1799,23.75
1800,23.61
1801,26.9
1802,25.44
1803,27.28
1804,25.28
1805,27.44
1806,28.2
1807,27.48
1808,24.75
1809,22.03
1810,21.69
1811,23.44
1812,20.69
1813,21.36
1814,24.25
1815,24.03
1816,23.22
1817,23.94
1818,25.08
1819,24.67
1820,21.88
1821,20.55
1822,19.5
1823,18.86
1824,17.45
1825,20.08
1826,19.8
1827,19.67
1828,20.55
1829,20.08
1830,22.28
1831,21.53
1832,22.23
1833,20.1
1834,20.14
1835,18.25
1836,18.52
1837,16.8
1838,19.55
1839,18.55
1840,18.61
1841,20.38
1842,20.56
1843,18.0
1844,22.31
1845,16.62
1846,16.05
1847,18.86
1848,17.47
1849,19.14
1850,16.27
1851,19.72
1852,19.6
1853,18.89
1854,22.53
1855,20.34
1856,20.53
1857,18.6
1858,16.61
1859,22.42
1860,23.69
1861,26.66
1862,26.34
1863,20.7
1864,19.39
1865,15.68
1866,27.14
1867,24.53
1868,22.22
1869,24.67
1870,23.98
1871,24.94
1872,26.31
1873,25.56
1874,22.42
1875,18.34
1876,20.95
1877,20.28
1878,20.55
1879,21.05
1880,20.95
1881,20.67
1882,20.84
1883,27.16
1884,24.86
1885,23.75
1886,22.92
1887,23.75
1888,24.12
1889,22.94
1890,24.05
1891,24.03
1892,20.52
1893,27.67
1894,46.8
1895,29.06
1896,35.28
1897,29.39
1898,29.16
1899,24.16
1900,38.47
1901,36.2
1902,25.34
1903,28.28
1904,27.88
1905,25.23
1906,22.75
1907,22.02
1908,21.6
1909,21.8
1910,21.45
1911,21.28
1912,21.05
1913,21.02
1914,20.48
1915,21.11
1916,21.34
1917,21.7
1918,21.6
1919,21.94
1920,21.36
1921,20.95
1922,23.08
1923,21.55
1924,21.92
1925,22.27
1926,22.42
1927,22.53
1928,22.1
1929,22.73
1930,22.56
1931,22.03
1932,21.98
1933,27.52
1934,24.67
1935,23.08
1936,23.75
1937,24.72
1938,27.33
1939,25.48
1940,25.3
1941,26.72
1942,24.5
1943,24.36
1944,23.83
1945,23.27
1946,23.56
1947,23.62
1948,24.0
1949,24.23
1950,23.58
1951,23.53
1952,25.05
1953,24.02
1954,24.53
1955,19.31
1956,19.06
1957,18.64
1958,18.67
1959,17.28
1960,18.28
1961,17.22
1962,19.75
1963,17.3
1964,18.66
1965,15.43
1966,14.625
1967,14.734
1968,14.766
1969,16.45
1970,15.336
1971,14.85
1972,15.3
1973,15.84
1974,14.92
1975,15.15
1976,15.19
1977,15.64
1978,15.86
1979,15.22
1980,15.55
1981,14.555
1982,14.56
1983,15.42
1984,15.625
1985,15.22
1986,15.31
1987,14.84
1988,15.125
1989,15.83
1990,15.92
1991,15.98
1992,16.4
1993,15.06
1994,16.88
1995,16.17
1996,18.8
1997,19.47
1998,17.7
1999,18.62
2000,18.12
2001,20.28
2002,18.1
2003,16.08
2004,15.65
2005,16.17
2006,15.59
2007,14.875
2008,16.7
2009,16.73
2010,15.73
2011,15.98
2012,16.0
2013,16.0
2014,16.34
2015,15.87
2016,16.28
2017,16.22
2018,16.0
2019,15.96
2020,16.34
2021,15.48
2022,16.16
2023,16.02
2024,16.02
2025,15.664
2026,15.25
2027,16.2
2028,15.33
2029,15.28
2030,15.59
2031,19.06
2032,21.6
2033,18.19
2034,22.9
2035,19.84
2036,19.44
2037,19.92
2038,19.11
2039,18.73
2040,23.44
2041,16.19
2042,15.54
2043,16.81
2044,17.25
2045,17.1
2046,16.6
2047,16.92
2048,16.7
2049,17.64
2050,16.48
2051,17.03
2052,18.28
2053,17.86
2054,17.2
2055,16.11
2056,16.53
2057,19.16
2058,21.2
2059,23.2
2060,24.66
2061,24.75
2062,22.31
2063,24.83
2064,19.48
2065,56.56
2066,19.53
2067,37.9
2068,18.67
2069,23.4
2070,37.12
2071,24.8
2072,28.1
2073,45.56
2074,43.2
2075,28.9
2076,30.4
2077,42.12
2078,43.2
2079,47.62
2080,35.75
2081,31.83
2082,29.4
2083,26.1
2084,37.94
2085,33.9
2086,39.06
2087,30.75
2088,30.9
2089,27.8
2090,41.28
2091,19.23
2092,31.36
2093,18.53
2094,20.56
2095,20.22
2096,18.94
2097,17.75
2098,16.61
2099,17.44
2100,20.05
2101,19.25
2102,19.25
2103,18.98
2104,26.9
2105,19.94
2106,19.05
2107,19.0
2108,19.6
2109,20.3
2110,18.2
2111,19.88
2112,19.8
2113,19.31
2114,24.45
2115,17.98
2116,18.67
2117,17.42
2118,17.81
2119,19.97
2120,19.53
2121,15.91
2122,15.375
2123,17.75
2124,16.72
2125,17.36
2126,15.66
2127,16.66
2128,15.44
2129,19.92
2130,21.48
2131,19.94
2132,17.95
2133,21.11
2134,18.56
2135,18.55
2136,26.17
2137,18.52
2138,17.5
2139,15.42
2140,15.016
2141,16.7
2142,20.6
2143,22.97
2144,18.55
2145,17.84
2146,19.28
2147,18.94
2148,18.56
2149,20.3
2150,22.06
2151,20.56
2152,24.22
2153,18.64
2154,19.06
2155,19.28
2156,21.53
2157,21.75
2158,19.38
2159,18.2
2160,17.81
2161,30.0
2162,27.69
2163,28.33
2164,23.66
2165,22.8
2166,25.0
2167,31.0
2168,26.17
2169,27.16
2170,26.0
2171,21.8
2172,26.16
2173,25.22
2174,27.6
2175,40.3
2176,29.44
2177,29.9
2178,33.2
2179,30.22
2180,39.12
2181,55.7
2182,50.62
2183,39.8
2184,40.7
2185,32.2
2186,33.03
2187,36.06
2188,29.12
2189,32.2
2190,36.38
2191,23.6
2192,23.52
2193,22.36
2194,18.66
2195,20.06
2196,19.25
2197,19.83
2198,27.25
2199,20.48
2200,20.39
2201,20.19
2202,22.19
2203,19.84
2204,20.39
2205,19.2
2206,20.03
2207,19.34
2208,19.84
2209,19.86
2210,22.19
2211,27.16
2212,19.73
2213,24.66
2214,29.12
2215,24.73
2216,29.42
2217,26.48
2218,36.25
2219,27.11
2220,24.92
2221,30.55
2222,29.78
2223,27.16
2224,27.02
2225,24.02
2226,23.97
2227,23.12
2228,23.34
2229,24.0
2230,29.3
2231,25.78
2232,24.98
2233,34.12
2234,44.88
2235,25.94
2236,52.78
2237,65.5
2238,42.88
2239,61.44
2240,57.25
2241,58.8
2242,34.16
2243,47.75
2244,28.25
2245,55.53
2246,35.25
2247,36.2
2248,26.25
2249,23.78
2250,23.14
2251,23.6
2252,25.5
2253,21.39
2254,22.7
2255,20.97
2256,20.58
2257,21.5
2258,18.7
2259,23.36
2260,26.23
2261,30.69
2262,22.61
2263,22.89
2264,21.06
2265,23.97
2266,19.94
2267,21.83
2268,19.58
2269,21.39
2270,22.9
2271,23.5
2272,28.28
2273,28.75
2274,29.62
2275,18.06
2276,17.56
2277,22.5
2278,14.81
2279,14.59
2280,12.914
2281,14.17
2282,14.19
2283,14.95
2284,14.59
2285,13.75
2286,18.28
2287,14.54
2288,14.67
2289,14.836
2290,16.03
2291,15.12
2292,13.31
2293,13.77
2294,14.17
2295,14.5
2296,14.17
2297,13.98
2298,14.125
2299,14.27
2300,16.97
2301,15.22
2302,14.45
2303,14.14
2304,14.68
2305,14.664
2306,16.19
2307,14.44
2308,15.32
2309,15.336
2310,15.06
2311,14.81
2312,14.6
2313,14.78
2314,14.62
2315,16.17
2316,15.25
2317,17.44
2318,21.69
2319,15.8
2320,33.44
2321,39.78
2322,34.6
2323,27.72
2324,28.06
2325,20.77
2326,27.94
2327,20.4
2328,23.34
2329,22.98
2330,20.64
2331,26.62
2332,25.75
2333,32.78
2334,30.8
2335,25.25
2336,24.48
2337,25.16
2338,22.0
2339,28.42
2340,28.62
2341,25.39
2342,25.03
2343,27.47
2344,28.31
2345,34.94
2346,23.84
2347,23.4
2348,24.89
2349,26.33
2350,24.2
2351,25.4
2352,27.02
2353,25.52
2354,26.69
2355,29.34
2356,28.19
2357,27.5
2358,27.97
2359,24.81
2360,34.53
2361,40.0
2362,25.45
2363,25.81
2364,24.84
2365,25.11
2366,25.4
2367,24.08
2368,27.4
2369,26.78
2370,24.5
2371,20.9
2372,19.55
2373,17.25
2374,17.89
2375,17.33
2376,17.38
2377,16.06
2378,14.97
2379,16.89
2380,17.34
2381,16.39
2382,16.19
2383,19.17
2384,20.6
2385,24.19
2386,25.47
2387,33.34
2388,23.77
2389,33.0
2390,28.31
2391,30.73
2392,34.88
2393,27.62
2394,23.34
2395,30.0
2396,18.89
2397,27.67
2398,26.38
2399,32.16
2400,27.17
2401,34.0
2402,25.16
2403,40.6
2404,39.8
2405,26.19
2406,31.25
2407,23.97
2408,36.62
2409,33.88
2410,27.33
2411,33.44
2412,23.2
2413,30.38
2414,26.06
2415,28.88
2416,23.84
2417,22.33
2418,21.12
2419,20.9
2420,21.3
2421,21.56
2422,21.92
2423,21.0
2424,21.27
2425,21.2
2426,20.83
2427,21.69
2428,24.86
2429,20.02
2430,20.88
2431,35.25
2432,33.0
2433,28.23
2434,36.88
2435,25.97
2436,32.75
2437,24.8
2438,41.6
2439,33.25
2440,35.84
2441,38.75
2442,28.9
2443,34.9
2444,39.38
2445,32.2
2446,37.88
2447,35.16
2448,35.97
2449,43.0
2450,36.44
2451,22.08
2452,22.8
2453,23.16
2454,22.53
2455,23.11
2456,23.05
2457,22.88
2458,27.23
2459,30.5
2460,19.73
2461,19.14
2462,30.45
2463,36.8
2464,32.72
2465,24.58
2466,23.52
2467,38.62
2468,24.22
2469,22.81
2470,33.06
2471,31.06
2472,34.84
2473,28.34
2474,25.52
2475,38.5
2476,35.25
2477,26.62
2478,29.97
2479,30.12
2480,39.03
2481,36.94
2482,28.03
2483,31.6
2484,30.38
2485,23.38
2486,29.38
2487,22.0
2488,28.97
2489,31.69
2490,23.92
2491,34.7
2492,25.92
2493,31.12
2494,19.83
2495,18.69
2496,21.11
2497,18.03
2498,20.81
2499,18.84
2500,25.17
2501,20.55
2502,19.75
2503,21.31
2504,20.12
2505,19.12
2506,22.9
2507,19.64
2508,21.19
2509,19.31
2510,19.45
2511,21.0
2512,21.38
2513,20.19
2514,19.61
2515,19.34
2516,20.22
2517,19.89
2518,20.12
2519,20.47
2520,19.48
2521,18.89
2522,20.69
2523,19.45
2524,25.94
2525,27.94
2526,18.1
2527,15.41
2528,15.1
2529,14.805
2530,14.984
2531,19.12
2532,22.34
2533,17.0
2534,19.92
2535,18.06
2536,19.03
2537,18.1
2538,20.19
2539,19.81
2540,20.03
2541,19.53
2542,20.23
2543,19.05
2544,19.14
2545,17.97
2546,18.94
2547,20.81
2548,22.6
2549,23.03
2550,19.52
2551,24.25
2552,20.5
2553,22.6
2554,19.75
2555,23.31
2556,20.7
2557,19.89
2558,19.47
2559,19.95
2560,21.89
2561,22.72
2562,21.81
2563,19.58
2564,18.58
2565,21.6
2566,23.31
2567,24.0
2568,21.61
2569,21.67
2570,22.42
2571,23.16
2572,22.3
2573,25.94
2574,28.61
2575,31.94
2576,40.5
2577,41.84
2578,31.16
2579,24.39
2580,25.56
2581,24.4
2582,30.89
2583,24.47
2584,27.08
2585,25.75
2586,24.14
2587,23.22
2588,22.1
2589,21.0
2590,28.08
2591,22.67
2592,24.78
2593,23.06
2594,23.12
2595,21.9
2596,23.56
2597,23.92
2598,22.78
2599,21.19
2600,23.2
2601,21.56
2602,22.58
2603,23.2
2604,19.77
2605,17.72
2606,18.62
2607,21.73
2608,19.17
2609,18.16
2610,17.8
2611,19.98
2612,17.64
2613,17.81
2614,17.31
2615,16.95
2616,20.44
2617,16.7
2618,17.06
2619,17.66
2620,19.53
2621,17.98
2622,17.6
2623,17.62
2624,16.12
2625,18.83
2626,19.47
2627,27.56
2628,35.9
2629,63.0
2630,59.7
2631,66.94
2632,42.28
2633,45.8
2634,43.3
2635,31.25
2636,37.94
2637,32.22
2638,25.73
2639,30.61
2640,29.53
2641,28.8
2642,25.25
2643,26.66
2644,25.39
2645,26.0
2646,26.73
2647,25.73
2648,22.02
2649,25.17
2650,23.48
2651,24.56
2652,26.23
2653,23.61
2654,23.92
2655,27.02
2656,25.84
2657,22.89
2658,29.56
2659,24.02
2660,23.3
2661,26.56
2662,25.38
2663,28.2
2664,26.45
2665,27.58
2666,26.11
2667,28.23
2668,24.12
2669,27.03
2670,27.19
2671,29.58
2672,26.62
2673,24.38
2674,25.14
2675,25.56
2676,25.6
2677,24.4
2678,24.69
2679,22.44
2680,23.06
2681,24.83
2682,23.94
2683,23.88
2684,24.84
2685,25.44
2686,25.06
2687,24.9
2688,25.62
2689,32.25
2690,29.25
2691,25.28
2692,30.78
2693,25.92
2694,24.8
2695,25.61
2696,24.56
2697,25.17
2698,26.97
2699,28.48
2700,30.73
2701,22.25
2702,25.02
2703,19.73
2704,20.12
2705,20.83
2706,20.72
2707,21.66
2708,20.38
2709,20.25
2710,21.39
2711,20.53
2712,19.3
2713,19.0
2714,18.38
2715,19.0
2716,18.61
2717,18.67
2718,19.38
2719,20.75
2720,20.97
2721,19.4
2722,22.28
2723,21.31
2724,20.23
2725,21.27
2726,21.7
2727,20.12
2728,22.05
2729,19.67
2730,22.12
2731,21.53
2732,19.88
2733,21.38
2734,27.77
2735,24.81
2736,25.88
2737,22.77
2738,25.6
2739,23.56
2740,26.75
2741,25.47
2742,29.47
2743,21.7
2744,27.25
2745,28.78
2746,25.0
2747,20.84
2748,22.81
2749,27.95
2750,26.31
2751,23.4
2752,27.11
2753,25.28
2754,30.25
2755,27.1
2756,22.4
2757,22.8
2758,23.1
2759,18.56
2760,18.89
2761,18.81
2762,18.06
2763,18.9
2764,18.75
2765,18.66
2766,17.78
2767,18.61
2768,18.83
2769,18.72
2770,19.89
2771,21.52
2772,21.52
2773,22.44
2774,21.92
2775,26.28
2776,16.02
2777,16.17
2778,25.56
2779,27.39
2780,45.8
2781,23.16
2782,25.39
2783,26.16
2784,25.61
2785,26.22
2786,27.97
2787,28.94
2788,29.45
2789,28.36
2790,36.12
2791,29.92
2792,37.5
2793,29.47
2794,30.72
2795,31.62
2796,37.1
2797,32.88
2798,39.9
2799,36.34
2800,31.98
2801,30.62
2802,33.62
2803,31.81
2804,42.38
2805,29.05
2806,33.6
2807,27.06
2808,25.84
2809,30.28
2810,34.06
2811,56.9
2812,48.44
2813,32.22
2814,34.22
2815,32.62
2816,27.3
2817,41.94
2818,37.94
2819,29.19
2820,24.83
2821,24.27
2822,23.44
2823,24.94
2824,24.34
2825,23.66
2826,25.7
2827,24.88
2828,24.52
2829,24.7
2830,23.89
2831,26.66
2832,24.81
2833,25.44
2834,23.88
2835,22.39
2836,21.64
2837,23.0
2838,25.14
2839,23.06
2840,24.34
2841,21.27
2842,26.14
2843,24.69
2844,25.02
2845,23.62
2846,23.69
2847,24.9
2848,26.0
2849,22.72
2850,28.55
2851,24.88
2852,25.4
2853,24.2
2854,23.25
2855,22.73
2856,25.33
2857,26.16
2858,21.12
2859,15.266
2860,17.44
2861,18.28
2862,17.23
2863,15.805
2864,15.445
2865,15.3
2866,14.516
2867,15.41
2868,15.164
2869,14.25
2870,22.98
2871,29.11
2872,19.7
2873,17.81
2874,17.66
2875,21.08
2876,18.84
2877,24.75
2878,25.48
2879,24.69
2880,27.03
2881,24.62
2882,16.72
2883,16.22
2884,17.58
2885,15.61
2886,15.83
2887,18.25
2888,18.14
2889,17.4
2890,16.7
2891,19.89
2892,15.78
2893,15.69
2894,16.06
2895,15.66
2896,16.88
2897,16.45
2898,14.32
2899,14.97
2900,18.12
2901,19.06
2902,22.6
2903,19.38
2904,19.22
2905,18.38
2906,18.84
2907,17.84
2908,18.66
2909,22.38
2910,24.2
2911,20.73
2912,21.55
2913,23.73
2914,27.56
2915,27.0
2916,21.72
2917,27.36
2918,35.3
2919,27.03
2920,24.75
2921,23.84
2922,25.78
2923,26.06
2924,23.28
2925,23.5
2926,24.27
2927,21.55
2928,22.75
2929,53.7
2930,41.4
2931,49.1
2932,44.84
2933,44.9
2934,37.7
2935,38.88
2936,37.9
2937,45.12
2938,61.75
2939,58.03
2940,51.88
2941,100.1
2942,44.47
2943,37.5
2944,30.31
2945,31.78
2946,32.88
2947,45.8
2948,26.84
2949,46.6
2950,30.38
2951,31.1
2952,40.44
2953,36.22
2954,28.86
2955,26.23
2956,31.62
2957,26.44
2958,32.38
2959,28.58
2960,33.53
2961,26.83
2962,24.62
2963,34.94
2964,31.7
2965,21.3
2966,20.97
2967,20.38
2968,21.84
2969,21.61
2970,23.06
2971,22.45
2972,23.84
2973,22.84
2974,23.44
2975,26.78
2976,20.55
2977,20.61
2978,19.92
2979,21.19
2980,18.8
2981,17.06
2982,17.86
2983,17.17
2984,16.17
2985,17.16
2986,17.36
2987,17.1
2988,17.22
2989,17.36
2990,17.22
2991,18.7
2992,17.0
2993,24.6
2994,19.88
2995,18.9
2996,18.17
2997,19.56
2998,18.23
2999,17.5
3000,16.81
3001,17.9
3002,17.39
3003,17.75
3004,17.44
3005,15.94
3006,17.19
3007,17.22
3008,17.86
3009,17.48
3010,17.47
3011,17.28
3012,17.31
3013,17.44
3014,19.66
3015,18.61
3016,19.02
3017,17.97
3018,18.97
3019,19.77
3020,16.12
3021,18.05
3022,18.1
3023,18.4
3024,17.78
3025,18.8
3026,16.9
3027,18.39
3028,19.95
3029,20.52
3030,20.92
3031,19.86
3032,20.27
3033,20.8
3034,21.1
3035,16.3
3036,17.19
3037,16.02
3038,17.38
3039,16.62
3040,15.77
3041,17.66
3042,17.92
3043,17.9
3044,17.72
3045,17.47
3046,17.45
3047,17.56
3048,21.83
3049,15.66
3050,15.5
3051,14.77
3052,19.47
3053,24.28
3054,19.62
3055,25.56
3056,20.9
3057,19.69
3058,18.55
3059,17.08
3060,20.27
3061,19.44
3062,18.67
3063,19.03
3064,22.31
3065,17.33
3066,17.06
3067,16.9
3068,17.22
3069,16.67
3070,17.34
3071,21.0
3072,22.25
3073,33.7
3074,21.66
3075,22.67
3076,22.33
3077,28.22
3078,24.81
3079,29.56
3080,21.53
3081,24.86
3082,17.6
3083,20.94
3084,18.45
3085,21.03
3086,23.27
3087,24.25
3088,28.19
3089,31.33
3090,34.9
3091,14.95
3092,18.4
3093,15.914
3094,17.19
3095,16.56
3096,18.14
3097,17.9
3098,18.84
3099,19.47
3100,20.5
3101,19.52
3102,19.47
3103,18.52
3104,17.28
3105,18.38
3106,19.39
3107,18.5
3108,19.25
3109,19.81
3110,18.11
3111,17.72
3112,15.914
