,population,capacity,capacity_within,population_within,load,provision
0,9956,0,0,1288057,,0.0
1,38,0,0,1031500,,0.0
2,0,0,0,0,,
3,0,0,0,0,,
4,0,0,0,0,,
5,0,0,0,0,,
6,0,0,0,0,,
7,0,0,0,0,,
8,0,0,0,0,,
9,0,0,0,0,,
10,0,0,0,148401,,
11,0,0,0,62065,,
12,0,0,0,35360,,
13,0,0,0,68450,,
14,0,0,0,433,,
15,0,0,0,237,,
16,0,0,0,53371,,
17,0,0,0,49878,,
18,0,0,0,17981,,
19,0,0,0,19372,,
20,0,0,0,23956,,
21,0,0,0,63590,,
22,0,0,0,9514,,
23,0,0,0,32763,,
24,0,0,0,18866,,
25,0,0,0,19139,,
26,0,0,0,9514,,
27,0,0,0,1824,,
28,0,0,0,9514,,
29,0,0,0,1824,,
30,0,0,0,51656,,
31,0,0,0,19139,,
32,0,0,0,37628,,
33,0,0,0,30322,,
34,0,0,0,0,,
35,0,0,0,235,,
36,0,0,0,91958,,
37,0,0,0,123144,,
38,0,0,0,28378,,
39,0,0,0,69594,,
40,0,0,0,545692,,
41,0,0,0,138267,,
42,0,0,0,301955,,
43,0,0,0,783397,,
44,7,0,0,777276,,0.0
45,251,0,0,409932,,0.0
46,0,0,0,508808,,
47,972,0,0,424493,,0.0
48,1457,0,0,255235,,0.0
49,0,0,0,72284,,
50,0,0,0,66429,,
51,0,0,0,77610,,
52,0,0,0,0,,
53,0,0,0,0,,
54,0,0,0,184182,,
55,169,0,0,554910,,0.0
56,0,0,0,407140,,
57,56,0,0,506087,,0.0
58,137,0,0,321336,,0.0
59,932,0,0,296038,,0.0
60,35,0,0,587830,,0.0
61,0,0,0,318935,,
62,0,0,0,204679,,
63,0,0,0,215291,,
64,0,0,0,325022,,
65,0,0,0,205317,,
66,203,0,0,507086,,0.0
67,246,0,0,1146150,,0.0
68,0,0,0,1097858,,
69,160,0,0,753025,,0.0
70,87,0,0,679053,,0.0
71,4934,0,0,1367336,,0.0
72,903,0,0,1222878,,0.0
73,5658,0,0,1404400,,0.0
74,0,0,0,1389329,,
75,869,0,0,1206021,,0.0
76,54,0,0,1325950,,0.0
77,10,0,0,1257942,,0.0
78,52,0,0,1221752,,0.0
79,3,0,0,3,,0.0
80,0,0,0,0,,
81,0,0,0,0,,
82,0,0,0,0,,
83,0,0,0,0,,
84,0,0,0,0,,
85,0,0,0,0,,
86,0,0,0,0,,
87,0,0,0,0,,
88,0,0,0,0,,
89,0,0,0,0,,
90,0,0,0,0,,
91,0,0,0,0,,
92,0,0,0,0,,
93,0,0,0,0,,
94,0,0,0,0,,
95,0,0,0,0,,
96,0,0,0,0,,
97,0,0,0,0,,
98,0,0,0,0,,
99,0,0,0,0,,
100,0,0,0,0,,
101,0,0,0,0,,
102,0,0,0,0,,
103,0,0,0,0,,
104,0,0,0,0,,
105,0,0,0,0,,
106,0,0,0,84,,
107,0,0,0,0,,
108,0,0,0,14,,
109,0,0,0,47,,
110,0,0,0,84,,
111,0,0,0,0,,
112,0,0,0,85,,
113,0,0,0,0,,
114,0,0,0,0,,
115,0,0,0,0,,
116,0,0,0,0,,
117,0,0,0,0,,
118,0,0,0,0,,
119,0,0,0,0,,
120,0,0,0,0,,
121,0,0,0,0,,
122,0,0,0,0,,
123,0,0,0,0,,
124,0,0,0,0,,
125,0,0,0,0,,
126,0,0,0,0,,
127,0,0,0,0,,
128,0,0,0,0,,
129,0,0,0,0,,
130,0,0,0,0,,
131,0,0,0,0,,
132,0,0,0,0,,
133,0,0,0,0,,
134,0,0,0,0,,
135,0,0,0,0,,
136,0,0,0,0,,
137,0,0,0,0,,
138,0,0,0,0,,
139,0,0,0,0,,
140,0,0,0,0,,
141,0,0,0,0,,
142,0,0,0,0,,
143,0,0,0,0,,
144,0,0,0,0,,
145,0,0,0,0,,
146,0,0,0,0,,
147,0,0,0,0,,
148,0,0,0,0,,
149,0,0,0,0,,
150,0,0,0,0,,
151,0,0,0,0,,
152,0,0,0,0,,
153,0,0,0,0,,
154,0,0,0,0,,
155,0,0,0,0,,
156,0,0,0,0,,
157,0,0,0,0,,
158,0,0,0,0,,
159,0,0,0,0,,
160,0,0,0,0,,
161,0,0,0,0,,
162,0,0,0,0,,
163,0,0,0,0,,
164,0,0,0,0,,
165,0,0,0,0,,
166,0,0,0,0,,
167,0,0,0,0,,
168,0,0,0,0,,
169,0,0,0,0,,
170,0,0,0,0,,
171,0,0,0,0,,
172,0,0,0,0,,
173,0,0,0,0,,
174,0,0,0,0,,
175,0,0,0,0,,
176,0,0,0,0,,
177,0,0,0,0,,
178,0,0,0,0,,
179,0,0,0,0,,
180,0,0,0,0,,
181,0,0,0,0,,
182,0,0,0,0,,
183,0,0,0,0,,
184,0,0,0,14,,
185,0,0,0,0,,
186,0,0,0,0,,
187,0,0,0,0,,
188,0,0,0,0,,
189,0,0,0,0,,
190,0,0,0,169,,
191,0,0,0,0,,
192,0,0,0,98,,
193,0,0,0,183,,
194,0,0,0,84,,
195,0,0,0,0,,
196,0,0,0,0,,
197,0,0,0,0,,
198,0,0,0,0,,
199,0,0,0,0,,
200,0,0,0,0,,
201,0,0,0,0,,
202,0,0,0,0,,
203,0,0,0,22,,
204,0,0,0,0,,
205,0,0,0,0,,
206,0,0,0,0,,
207,0,0,0,0,,
208,0,0,0,0,,
209,0,0,0,0,,
210,0,0,0,0,,
211,0,0,0,0,,
212,0,0,0,0,,
213,0,0,0,0,,
214,0,0,0,0,,
215,0,0,0,0,,
216,0,0,0,0,,
217,0,0,0,0,,
218,0,0,0,0,,
219,0,0,0,0,,
220,0,0,0,0,,
221,0,0,0,0,,
222,0,0,0,0,,
223,0,0,0,0,,
224,0,0,0,0,,
225,0,0,0,0,,
226,0,0,0,0,,
227,0,0,0,0,,
228,0,0,0,0,,
229,0,0,0,0,,
230,0,0,0,0,,
231,0,0,0,0,,
232,0,0,0,0,,
233,0,0,0,0,,
234,0,0,0,0,,
235,0,0,0,0,,
236,0,0,0,0,,
237,0,0,0,0,,
238,0,0,0,0,,
239,0,0,0,0,,
240,0,0,0,0,,
241,0,0,0,0,,
242,0,0,0,0,,
243,0,0,0,0,,
244,0,0,0,0,,
245,0,0,0,0,,
246,0,0,0,0,,
247,0,0,0,0,,
248,0,0,0,2379,,
249,0,0,0,0,,
250,0,0,0,0,,
251,0,0,0,276886,,
252,0,0,0,0,,
253,0,0,0,2379,,
254,0,0,0,62145,,
255,0,0,0,46316,,
256,0,0,0,6062,,
257,0,0,0,0,,
258,0,0,0,17,,
259,0,0,0,0,,
260,0,0,0,1612,,
261,0,0,0,6062,,
262,0,0,0,0,,
263,0,0,0,0,,
264,0,0,0,0,,
265,0,0,0,0,,
266,0,0,0,0,,
267,0,0,0,0,,
268,0,0,0,0,,
269,0,0,0,0,,
270,0,0,0,0,,
271,0,0,0,0,,
272,0,0,0,0,,
273,0,0,0,0,,
274,0,0,0,0,,
275,0,0,0,0,,
276,0,0,0,0,,
277,0,0,0,0,,
278,0,0,0,0,,
279,0,0,0,0,,
280,0,0,0,0,,
281,0,0,0,0,,
282,0,0,0,0,,
283,0,0,0,3143,,
284,0,0,0,0,,
285,0,0,0,0,,
286,0,0,0,0,,
287,0,0,0,0,,
288,0,0,0,0,,
289,0,0,0,0,,
290,0,0,0,0,,
291,0,0,0,0,,
292,0,0,0,0,,
293,0,0,0,0,,
294,0,0,0,0,,
295,0,0,0,0,,
296,0,0,0,0,,
297,0,0,0,0,,
298,0,0,0,0,,
299,0,0,0,0,,
300,0,0,0,0,,
301,0,0,0,388,,
302,0,0,0,0,,
303,0,0,0,0,,
304,0,0,0,0,,
305,0,0,0,0,,
306,0,0,0,0,,
307,0,0,0,0,,
308,0,0,0,0,,
309,0,0,0,9553,,
310,0,0,0,0,,
311,0,0,0,0,,
312,0,0,0,0,,
313,0,0,0,0,,
314,0,0,0,0,,
315,0,0,0,0,,
316,0,0,0,3143,,
317,0,0,0,0,,
318,0,0,0,0,,
319,0,0,0,11816,,
320,22,0,0,22,,0.0
321,0,0,0,0,,
322,0,0,0,0,,
323,0,0,0,0,,
324,0,0,0,0,,
325,0,0,0,0,,
326,0,0,0,0,,
327,0,0,0,18913,,
328,0,0,0,634076,,
329,0,0,0,238014,,
330,0,0,0,7750,,
331,0,0,0,0,,
332,0,0,0,1384655,,
333,0,0,0,0,,
334,0,0,0,1026,,
335,0,0,0,509,,
336,0,0,0,509,,
337,0,0,0,1026,,
338,0,0,0,206,,
339,0,0,0,1026,,
340,3,0,0,1026,,0.0
341,0,0,0,118194,,
342,0,0,0,237050,,
343,0,0,0,179758,,
344,0,0,0,148587,,
345,0,0,0,236179,,
346,0,0,0,179758,,
347,0,0,0,174505,,
348,0,0,0,179103,,
349,0,0,0,240991,,
350,0,0,0,279646,,
351,0,0,0,188138,,
352,0,0,0,362494,,
353,0,0,0,276886,,
354,0,0,0,51130,,
355,0,0,0,51130,,
356,0,0,0,50545,,
357,0,0,0,6062,,
358,0,0,0,40937,,
359,0,0,0,53606,,
360,0,0,0,40325,,
361,0,0,0,36450,,
362,0,0,0,6063,,
363,0,0,0,37086,,
364,0,0,0,18934,,
365,0,0,0,0,,
366,0,0,0,18934,,
367,0,0,0,29195,,
368,0,0,0,0,,
369,0,0,0,6062,,
370,0,0,0,11816,,
371,0,0,0,28383,,
372,0,0,0,25780,,
373,0,0,0,26829,,
374,0,0,0,0,,
375,0,0,0,571914,,
376,3544,0,0,1157892,,0.0
377,6320,0,0,1361870,,0.0
378,0,0,0,0,,
379,9295,0,0,1056196,,0.0
380,1444,0,0,1439815,,0.0
381,3116,0,0,1386037,,0.0
382,1960,0,0,1405366,,0.0
383,1504,0,0,1388701,,0.0
384,0,0,0,1389693,,
385,0,0,0,659864,,
386,344,0,0,540771,,0.0
387,0,0,0,237399,,
388,0,0,0,206422,,
389,0,0,0,291032,,
390,0,0,0,0,,
391,69,0,0,1340179,,0.0
392,0,0,0,142425,,
393,346,0,0,589256,,0.0
394,0,0,0,230618,,
395,0,0,0,0,,
396,0,0,0,0,,
397,0,0,0,433,,
398,0,0,0,1824,,
399,0,0,0,433,,
400,0,0,0,0,,
401,0,0,0,0,,
402,0,0,0,0,,
403,0,0,0,32,,
404,0,0,0,32,,
405,0,0,0,0,,
406,0,0,0,0,,
407,0,0,0,0,,
408,0,0,0,0,,
409,0,0,0,0,,
410,0,0,0,0,,
411,0,0,0,0,,
412,0,0,0,0,,
413,0,0,0,1824,,
414,0,0,0,0,,
415,0,0,0,0,,
416,0,0,0,0,,
417,0,0,0,0,,
418,0,0,0,0,,
419,0,0,0,0,,
420,0,0,0,0,,
421,0,0,0,0,,
422,0,0,0,0,,
423,0,0,0,388,,
424,0,0,0,32,,
425,0,0,0,0,,
426,0,0,0,32,,
427,0,0,0,0,,
428,0,0,0,0,,
429,0,0,0,32,,
430,0,0,0,0,,
431,0,0,0,0,,
432,0,0,0,0,,
433,0,0,0,0,,
434,0,0,0,0,,
435,0,0,0,0,,
436,0,0,0,100884,,
437,0,0,0,0,,
438,0,0,0,0,,
439,0,0,0,0,,
440,0,0,0,0,,
441,0,0,0,0,,
442,0,0,0,0,,
443,0,0,0,0,,
444,0,0,0,0,,
445,0,0,0,0,,
446,0,0,0,0,,
447,0,0,0,0,,
448,0,0,0,0,,
449,0,0,0,52196,,
450,0,0,0,52002,,
451,0,0,0,90126,,
452,0,0,0,111433,,
453,0,0,0,58829,,
454,0,0,0,1824,,
455,0,0,0,24025,,
456,0,0,0,9787,,
457,0,0,0,1824,,
458,0,0,0,388,,
459,0,0,0,0,,
460,0,0,0,37161,,
461,0,0,0,60487,,
462,0,0,0,70395,,
463,0,0,0,39736,,
464,0,0,0,0,,
465,0,0,0,0,,
466,0,0,0,0,,
467,0,0,0,14,,
468,0,0,0,14,,
469,0,0,0,0,,
470,0,0,0,0,,
471,0,0,0,0,,
472,0,0,0,0,,
473,0,0,0,0,,
474,7,0,0,7,,0.0
475,0,0,0,0,,
476,0,0,0,0,,
477,0,0,0,0,,
478,0,0,0,0,,
479,0,0,0,3367,,
480,0,0,0,3355,,
481,0,0,0,0,,
482,0,0,0,62081,,
483,0,0,0,66779,,
484,0,0,0,19547,,
485,0,0,0,19547,,
486,0,0,0,0,,
487,0,0,0,0,,
488,0,0,0,5537,,
489,0,0,0,0,,
490,0,0,0,0,,
491,0,0,0,0,,
492,0,0,0,0,,
493,0,0,0,0,,
494,0,0,0,3367,,
495,0,0,0,0,,
496,0,0,0,3367,,
497,0,0,0,0,,
498,0,0,0,0,,
499,0,0,0,3367,,
500,0,0,0,0,,
501,0,0,0,121109,,
502,0,0,0,0,,
503,0,0,0,84915,,
504,0,0,0,458661,,
505,0,0,0,0,,
506,0,0,0,0,,
507,0,0,0,0,,
508,0,0,0,0,,
509,0,0,0,411461,,
510,0,0,0,133349,,
511,0,0,0,76531,,
512,0,0,0,0,,
513,0,0,0,14,,
514,0,0,0,14,,
515,0,0,0,0,,
516,0,0,0,9370,,
517,0,0,0,0,,
518,0,0,0,0,,
519,0,0,0,0,,
520,0,0,0,0,,
521,0,0,0,0,,
522,0,0,0,0,,
523,0,0,0,0,,
524,0,0,0,0,,
525,0,0,0,0,,
526,0,0,0,303,,
527,0,0,0,17571,,
528,0,0,0,0,,
529,0,0,0,190811,,
530,0,0,0,19547,,
531,0,0,0,19662,,
532,0,0,0,0,,
533,0,0,0,28393,,
534,0,0,0,327216,,
535,0,0,0,18286,,
536,0,0,0,18724,,
537,0,0,0,0,,
538,0,0,0,448,,
539,0,0,0,39736,,
540,0,0,0,5745,,
541,0,0,0,31573,,
542,0,0,0,12979,,
543,0,0,0,448,,
544,0,0,0,303,,
545,0,0,0,0,,
546,0,0,0,0,,
547,0,0,0,4273,,
548,0,0,0,123322,,
549,0,0,0,3367,,
550,0,0,0,100577,,
551,0,0,0,0,,
552,0,0,0,0,,
553,0,0,0,1444658,,
554,2839,0,0,1420956,,0.0
555,0,0,0,1232830,,
556,0,0,0,520266,,
557,0,0,0,893919,,
558,0,0,0,977334,,
559,0,0,0,1112592,,
560,0,0,0,1363177,,
561,514,0,0,1382556,,0.0
562,4440,0,0,1446175,,0.0
563,48,0,0,1117432,,0.0
564,555,0,0,1262519,,0.0
565,1092,0,0,1168645,,0.0
566,19,0,0,1337743,,0.0
567,113,0,0,1343089,,0.0
568,3724,0,0,1263168,,0.0
569,4523,0,0,1070504,,0.0
570,1124,0,0,1095186,,0.0
571,14489,0,0,904938,,0.0
572,0,0,0,1439969,,
573,0,0,0,1402792,,
574,0,0,0,1466535,,
575,0,0,0,1377543,,
576,0,0,0,1410872,,
577,0,130000,210470000,1436110,11.047,
578,31,0,0,1474571,,0.0
579,0,0,0,1128533,,
580,0,0,0,1243790,,
581,0,0,0,1165931,,
582,2024,0,0,1195542,,0.0
583,1956,0,0,1106395,,0.0
584,139,0,0,1286596,,0.0
585,6368,0,0,1440004,,0.0
586,11,0,0,1447243,,0.0
587,1064,0,0,1424907,,0.0
588,3600,0,0,1376292,,0.0
589,2086,0,0,1276877,,0.0
590,22,0,0,1283979,,0.0
591,0,0,0,807756,,
592,0,0,0,1362737,,
593,0,0,0,1381617,,
594,0,0,0,1445516,,
595,0,0,0,1456001,,
596,0,0,0,1412593,,
597,0,0,0,1447278,,
598,0,0,0,344084,,
599,2009,0,0,1023662,,0.0
600,0,0,0,1107713,,
601,0,0,0,1147995,,
602,3239,0,0,1024117,,0.0
603,0,0,0,1027370,,
604,0,0,0,0,,
605,9,65000,101270000,1388625,21.36346153846154,11252222.222222222
606,459,0,0,1254170,,0.0
607,0,0,0,347909,,
608,99,0,0,930694,,0.0
609,350,0,0,1098449,,0.0
610,1290,0,0,1407700,,0.0
611,2878,0,0,1445695,,0.0
612,0,0,0,1341402,,
613,4827,0,0,1208479,,0.0
614,14,0,0,1452183,,0.0
615,0,0,0,1024749,,
616,0,0,0,1111690,,
617,31,0,0,1437878,,0.0
618,0,0,0,1408551,,
619,1494,0,0,1412777,,0.0
620,1324,0,0,1389481,,0.0
621,3497,0,0,1313746,,0.0
622,0,0,0,1385158,,
623,24,0,0,1041886,,0.0
624,420,0,0,1355329,,0.0
625,0,0,0,1431540,,
626,0,0,0,1422431,,
627,0,0,0,1396026,,
628,0,0,0,1415928,,
629,0,0,0,1421178,,
630,0,0,0,1421335,,
631,0,0,0,1365377,,
632,673,0,0,1394153,,0.0
633,775,0,0,1227318,,0.0
634,860,0,0,1302666,,0.0
635,1188,0,0,1298367,,0.0
636,5544,0,0,1180870,,0.0
637,2324,0,0,1227567,,0.0
638,818,0,0,1330869,,0.0
639,1407,0,0,1350434,,0.0
640,0,0,0,1396367,,
641,1430,0,0,1325342,,0.0
642,606,0,0,1368144,,0.0
643,331,0,0,1378379,,0.0
644,757,0,0,1390351,,0.0
645,918,0,0,1395797,,0.0
646,535,0,0,1388828,,0.0
647,207,0,0,1388353,,0.0
648,232,0,0,1450937,,0.0
649,111,0,0,1442243,,0.0
650,0,0,0,1450937,,
651,0,0,0,1438556,,
652,0,65000,107705000,1409973,21.691892307692306,
653,0,0,0,1390509,,
654,3590,0,0,1372332,,0.0
655,22,0,0,1423661,,0.0
656,845,65000,105950000,1392153,21.417738461538463,125384.61538461539
657,0,0,0,1398169,,
658,2873,0,0,1332296,,0.0
659,1387,0,0,1126868,,0.0
660,0,0,0,1356891,,
661,1794,0,0,1169559,,0.0
662,3620,0,0,1398899,,0.0
663,804,0,0,1414481,,0.0
664,7546,0,0,1185878,,0.0
665,1140,0,0,1320763,,0.0
666,475,0,0,1370257,,0.0
667,414,0,0,1388604,,0.0
668,1347,0,0,1387705,,0.0
669,1358,0,0,1324143,,0.0
670,1193,0,0,1409321,,0.0
671,2401,65000,108745000,1424824,21.920369230769232,45291.54518950437
672,1759,0,0,1438272,,0.0
673,0,0,0,1384766,,
674,391,0,0,1416224,,0.0
675,95,0,0,1413753,,0.0
676,0,0,0,1459967,,
677,20,0,0,1384550,,0.0
678,304,0,0,1437042,,0.0
679,0,0,0,1447122,,
680,1009,0,0,1382492,,0.0
681,0,0,0,1441409,,
682,1072,0,0,1448132,,0.0
683,244,0,0,1433931,,0.0
684,0,0,0,1436701,,
685,678,0,0,1379046,,0.0
686,1071,0,0,1318137,,0.0
687,926,0,0,1277726,,0.0
688,2349,0,0,1299461,,0.0
689,0,0,0,1476343,,
690,0,0,0,1396459,,
691,0,0,0,1435959,,
692,0,0,0,1467948,,
693,0,0,0,1460869,,
694,0,65000,102765000,1405434,21.622061538461537,
695,414,65000,109525000,1456236,22.40363076923077,264553.1400966184
696,524,0,0,1465113,,0.0
697,162,0,0,1443580,,0.0
698,537,0,0,1443604,,0.0
699,1696,0,0,1449202,,0.0
700,3380,0,0,1457695,,0.0
701,611,0,0,1453662,,0.0
702,875,0,0,1468263,,0.0
703,804,0,0,1455509,,0.0
704,742,0,0,1459682,,0.0
705,1179,0,0,1459333,,0.0
706,2160,0,0,1456269,,0.0
707,1844,0,0,1456269,,0.0
708,1017,0,0,1414320,,0.0
709,2247,0,0,1412645,,0.0
710,212,130000,216190000,1456634,11.204876923076924,1019764.1509433963
711,0,0,0,1441369,,
712,1336,0,0,1422414,,0.0
713,924,0,0,1417783,,0.0
714,761,0,0,1425592,,0.0
715,2741,0,0,1371625,,0.0
716,5341,0,0,1431336,,0.0
717,3008,0,0,1440070,,0.0
718,745,0,0,1455089,,0.0
719,97,65000,105625000,1438466,22.130246153846155,1088917.5257731958
720,74,0,0,1461859,,0.0
721,0,0,0,1427663,,
722,0,0,0,1418001,,
723,0,0,0,1449583,,
724,230,0,0,1447194,,0.0
725,368,0,0,1438986,,0.0
726,0,0,0,1438249,,
727,0,0,0,1439299,,
728,0,0,0,1437043,,
729,0,0,0,1439265,,
730,2314,0,0,1463942,,0.0
731,832,0,0,1467504,,0.0
732,1794,0,0,1443600,,0.0
733,6392,0,0,1384081,,0.0
734,0,0,0,1443124,,
735,575,0,0,1459076,,0.0
736,0,0,0,1438262,,
737,695,0,0,1426080,,0.0
738,313,0,0,1460667,,0.0
739,416,0,0,1480973,,0.0
740,497,0,0,1409805,,0.0
741,2377,0,0,1423978,,0.0
742,1132,0,0,1395810,,0.0
743,2292,0,0,1394344,,0.0
744,0,0,0,1418883,,
745,0,0,0,1468246,,
746,430,0,0,1430403,,0.0
747,791,0,0,1445346,,0.0
748,0,0,0,1438324,,
749,95,0,0,1444234,,0.0
750,1012,0,0,1436433,,0.0
751,5347,0,0,1439519,,0.0
752,0,0,0,1436475,,
753,1455,0,0,1443638,,0.0
754,0,0,0,1477189,,
755,1343,0,0,1468463,,0.0
756,0,0,0,1478116,,
757,1351,0,0,1469630,,0.0
758,4676,0,0,1222439,,0.0
759,4119,0,0,1263370,,0.0
760,0,0,0,1441887,,
761,5507,0,0,973760,,0.0
762,312,0,0,1378897,,0.0
763,0,0,0,1414944,,
764,0,0,0,1432150,,
765,520,0,0,1403076,,0.0
766,666,0,0,1387373,,0.0
767,990,0,0,1280171,,0.0
768,1502,0,0,1317658,,0.0
769,370,0,0,1459160,,0.0
770,2153,0,0,1469408,,0.0
771,1001,0,0,1418682,,0.0
772,1119,0,0,1407963,,0.0
773,1553,0,0,1438068,,0.0
774,1334,0,0,1428683,,0.0
775,0,0,0,1376422,,
776,5236,0,0,1422879,,0.0
777,596,0,0,1339374,,0.0
778,2012,0,0,1323354,,0.0
779,3322,0,0,1280297,,0.0
780,1888,0,0,1397049,,0.0
781,369,0,0,1394787,,0.0
782,1056,0,0,1408901,,0.0
783,764,0,0,1434111,,0.0
784,598,0,0,1433997,,0.0
785,373,0,0,1425678,,0.0
786,1340,0,0,1418502,,0.0
787,404,0,0,1427275,,0.0
788,404,0,0,1427235,,0.0
789,304,0,0,1425511,,0.0
790,513,0,0,1423173,,0.0
791,0,0,0,1488420,,
792,0,0,0,1423604,,
793,766,0,0,1414246,,0.0
794,1228,0,0,1351681,,0.0
795,3555,0,0,1026105,,0.0
796,1616,0,0,1197375,,0.0
797,0,0,0,1394685,,
798,5072,0,0,1387704,,0.0
799,0,0,0,1401767,,
800,1190,0,0,1293462,,0.0
801,0,0,0,1462976,,
802,779,0,0,1395451,,0.0
803,565,0,0,1354404,,0.0
804,566,0,0,1377654,,0.0
805,1133,0,0,1363079,,0.0
806,412,0,0,1378723,,0.0
807,1280,0,0,1340794,,0.0
808,726,0,0,1377696,,0.0
809,848,0,0,1385380,,0.0
810,1669,0,0,1434976,,0.0
811,5036,0,0,1385420,,0.0
812,1258,0,0,1353463,,0.0
813,2239,0,0,1336030,,0.0
814,546,0,0,1349490,,0.0
815,905,0,0,1375662,,0.0
816,1532,0,0,1373382,,0.0
817,991,0,0,1371667,,0.0
818,142,0,0,1394293,,0.0
819,3845,0,0,1364142,,0.0
820,2282,0,0,1279626,,0.0
821,0,0,0,1264704,,
822,1791,130000,210210000,1403234,10.794107692307692,117370.18425460637
823,1402,0,0,1456666,,0.0
824,1244,0,0,1382262,,0.0
825,3015,0,0,1333352,,0.0
826,453,0,0,1388340,,0.0
827,1441,65000,97305000,1324786,20.381323076923078,67526.02359472589
828,1207,0,0,1243719,,0.0
829,3679,0,0,1311493,,0.0
830,0,0,0,1310483,,
831,0,0,0,1289377,,
832,0,0,0,1305255,,
833,704,0,0,1333278,,0.0
834,21,0,0,1352022,,0.0
835,21,0,0,1351392,,0.0
836,2058,0,0,1278312,,0.0
837,1300,0,0,1272309,,0.0
838,4082,0,0,1352634,,0.0
839,2127,0,0,1251947,,0.0
840,1600,0,0,1246690,,0.0
841,1975,0,0,1229052,,0.0
842,168,0,0,1267555,,0.0
843,148,0,0,1241963,,0.0
844,298,0,0,1281653,,0.0
845,876,0,0,1202522,,0.0
846,781,0,0,1253055,,0.0
847,126,0,0,1281927,,0.0
848,79,0,0,1243398,,0.0
849,0,0,0,285745,,
850,0,0,0,0,,
851,555,0,0,1299827,,0.0
852,0,0,0,920479,,
853,1824,0,0,1208863,,0.0
854,751,0,0,1126939,,0.0
855,3405,0,0,1024184,,0.0
856,1587,0,0,1117351,,0.0
857,0,0,0,918505,,
858,0,0,0,1200821,,
859,0,0,0,1088890,,
860,0,0,0,1282827,,
861,0,0,0,23636,,
862,0,0,0,18825,,
863,0,0,0,18825,,
864,0,0,0,18825,,
865,0,0,0,231049,,
866,0,0,0,894700,,
867,0,0,0,559326,,
868,0,0,0,1001615,,
869,0,0,0,75062,,
870,0,0,0,144847,,
871,0,0,0,103980,,
872,0,0,0,1218960,,
873,0,0,0,1121137,,
874,0,0,0,1075491,,
875,1225,0,0,1295136,,0.0
876,2,0,0,1268884,,0.0
877,0,0,0,1412468,,
878,0,0,0,1364276,,
879,0,0,0,1320206,,
880,1041,0,0,1331976,,0.0
881,2,0,0,1314130,,0.0
882,2117,0,0,1356339,,0.0
883,0,0,0,1400025,,
884,0,0,0,1309481,,
885,97,0,0,1310658,,0.0
886,380,0,0,1272535,,0.0
887,67,0,0,1289157,,0.0
888,51,0,0,1308175,,0.0
889,34,0,0,1392552,,0.0
890,0,0,0,1054293,,
891,0,0,0,1106544,,
892,195,0,0,1270250,,0.0
893,183,0,0,1235160,,0.0
894,200,0,0,1281734,,0.0
895,185,0,0,1359750,,0.0
896,110,0,0,1335447,,0.0
897,65,0,0,1329177,,0.0
898,117,0,0,1298889,,0.0
899,1403,0,0,1220154,,0.0
900,1723,0,0,1242196,,0.0
901,5039,0,0,1175480,,0.0
902,0,130000,187720000,1302125,10.016346153846154,
903,0,130000,187720000,1302125,10.016346153846154,
904,6716,0,0,1401893,,0.0
905,1530,0,0,1353794,,0.0
906,874,0,0,1315846,,0.0
907,993,0,0,1379015,,0.0
908,599,0,0,1294676,,0.0
909,3531,0,0,1301058,,0.0
910,385,0,0,1331943,,0.0
911,0,0,0,1258347,,
912,3878,0,0,1273587,,0.0
913,4598,0,0,1305372,,0.0
914,30,0,0,1282230,,0.0
915,16,0,0,1274595,,0.0
916,1452,0,0,1312979,,0.0
917,19,0,0,1285662,,0.0
918,1593,0,0,1289353,,0.0
919,2676,0,0,1117233,,0.0
920,2614,0,0,1246586,,0.0
921,3605,0,0,1030604,,0.0
922,3635,0,0,1210844,,0.0
923,0,0,0,1077498,,
924,0,0,0,1060106,,
925,1445,0,0,1181466,,0.0
926,4222,0,0,1013531,,0.0
927,5624,0,0,1119185,,0.0
928,5029,0,0,1138537,,0.0
929,4052,65000,75270000,989347,15.220723076923077,18576.011846001973
930,3311,0,0,713431,,0.0
931,0,0,0,1293049,,
932,0,0,0,1195167,,
933,0,0,0,1070575,,
934,1149,0,0,1363872,,0.0
935,3092,0,0,1287232,,0.0
936,16,0,0,1324968,,0.0
937,15,0,0,1314681,,0.0
938,8,0,0,1254044,,0.0
939,0,0,0,1278117,,
940,3816,0,0,839565,,0.0
941,0,0,0,823682,,
942,0,0,0,165676,,
943,0,0,0,897677,,
944,0,0,0,837988,,
945,461,0,0,712377,,0.0
946,0,0,0,966770,,
947,4,0,0,1355014,,0.0
948,3,0,0,1254064,,0.0
949,86,0,0,1402414,,0.0
950,118,0,0,1310825,,0.0
951,129,0,0,1268914,,0.0
952,0,0,0,1269606,,
953,31,0,0,1292954,,0.0
954,0,0,0,1269659,,
955,79,0,0,1299473,,0.0
956,73,0,0,1262982,,0.0
957,71,0,0,1343866,,0.0
958,427,0,0,1323842,,0.0
959,136,0,0,1395330,,0.0
960,176,0,0,1347769,,0.0
961,18,0,0,1412468,,0.0
962,14,0,0,1423532,,0.0
963,614,0,0,1345937,,0.0
964,101,0,0,1241827,,0.0
965,229,0,0,1316858,,0.0
966,709,0,0,1225689,,0.0
967,9,0,0,1265026,,0.0
968,154,0,0,1248231,,0.0
969,178,0,0,1263186,,0.0
970,168,0,0,1320206,,0.0
971,47,0,0,1336283,,0.0
972,118,0,0,1324405,,0.0
973,162,0,0,1329266,,0.0
974,165,0,0,1229608,,0.0
975,78,0,0,1308389,,0.0
976,101,0,0,1276420,,0.0
977,78,0,0,1265123,,0.0
978,2513,0,0,1202082,,0.0
979,9649,0,0,1120555,,0.0
980,5954,0,0,1115143,,0.0
981,4825,0,0,1031325,,0.0
982,4487,0,0,958807,,0.0
983,2153,0,0,1379064,,0.0
984,738,0,0,1202693,,0.0
985,715,0,0,1215696,,0.0
986,2245,0,0,1399811,,0.0
987,673,0,0,1362429,,0.0
988,0,0,0,1366579,,
989,0,0,0,1391467,,
990,0,0,0,1370962,,
991,6006,0,0,1348314,,0.0
992,4219,0,0,1245709,,0.0
993,0,0,0,1170627,,
994,0,0,0,1392048,,
995,0,0,0,1364629,,
996,0,0,0,1354998,,
997,4683,0,0,1289837,,0.0
998,20,0,0,1394617,,0.0
999,0,0,0,1400924,,
1000,0,0,0,1330966,,
1001,0,0,0,1391467,,
1002,0,0,0,1374553,,
1003,0,0,0,1391109,,
1004,0,0,0,1391109,,
1005,0,0,0,1147027,,
1006,0,0,0,1333560,,
1007,0,0,0,1317748,,
1008,0,0,0,1299746,,
1009,2690,0,0,1343983,,0.0
1010,0,0,0,1378423,,
1011,12904,0,0,1250798,,0.0
1012,0,0,0,1377503,,
1013,0,0,0,1372256,,
1014,559,0,0,1385995,,0.0
1015,778,0,0,1369983,,0.0
1016,1616,0,0,1297824,,0.0
1017,1163,0,0,1353758,,0.0
1018,0,0,0,1393763,,
1019,2,0,0,1363758,,0.0
1020,2213,0,0,1407162,,0.0
1021,6,0,0,1355527,,0.0
1022,917,0,0,1344195,,0.0
1023,665,0,0,1328005,,0.0
1024,381,0,0,1346403,,0.0
1025,4379,0,0,1373443,,0.0
1026,669,0,0,1385995,,0.0
1027,2587,0,0,1318077,,0.0
1028,6,0,0,1329162,,0.0
1029,3,0,0,1242065,,0.0
1030,35,0,0,1292317,,0.0
1031,27,0,0,1308887,,0.0
1032,45,0,0,1295469,,0.0
1033,27,0,0,1343704,,0.0
1034,13,0,0,1296047,,0.0
1035,19,0,0,1338759,,0.0
1036,15,0,0,1299798,,0.0
1037,10,0,0,1271829,,0.0
1038,34,0,0,1316360,,0.0
1039,0,0,0,1316718,,
1040,0,0,0,1341678,,
1041,45,0,0,1288533,,0.0
1042,26,0,0,1313487,,0.0
1043,48,0,0,1264760,,0.0
1044,14,0,0,1295554,,0.0
1045,0,0,0,1348232,,
1046,761,0,0,1371899,,0.0
1047,30,0,0,1308882,,0.0
1048,20,0,0,1343593,,0.0
1049,1255,0,0,1302062,,0.0
1050,4,0,0,1364068,,0.0
1051,1168,0,0,1297987,,0.0
1052,0,0,0,1315285,,
1053,11,0,0,1370606,,0.0
1054,0,0,0,1195183,,
1055,102,0,0,1076067,,0.0
1056,556,0,0,1087726,,0.0
1057,0,0,0,1401231,,
1058,0,0,0,1421239,,
1059,622,0,0,1327763,,0.0
1060,160,0,0,684457,,0.0
1061,327,0,0,1025293,,0.0
1062,230,0,0,1042835,,0.0
1063,0,0,0,1212617,,
1064,4948,0,0,1036499,,0.0
1065,0,0,0,675661,,
1066,0,0,0,1115119,,
1067,0,0,0,679195,,
1068,0,0,0,1050484,,
1069,189,0,0,1020842,,0.0
1070,915,0,0,996682,,0.0
1071,973,0,0,954632,,0.0
1072,0,0,0,1111992,,
1073,0,0,0,1102094,,
1074,3757,0,0,1134998,,0.0
1075,576,0,0,1127995,,0.0
1076,419,0,0,1244349,,0.0
1077,1683,0,0,1146712,,0.0
1078,1067,0,0,1194858,,0.0
1079,347,0,0,1251263,,0.0
1080,0,0,0,1253075,,
1081,3300,0,0,1118004,,0.0
1082,2636,0,0,1059463,,0.0
1083,1082,0,0,1038583,,0.0
1084,1436,0,0,1110762,,0.0
1085,4065,0,0,1112518,,0.0
1086,1022,0,0,1068654,,0.0
1087,2050,0,0,1205849,,0.0
1088,1708,0,0,1057861,,0.0
1089,243,0,0,1147981,,0.0
1090,1240,0,0,1119074,,0.0
1091,1192,0,0,1087605,,0.0
1092,0,0,0,1132095,,
1093,883,0,0,1141809,,0.0
1094,751,0,0,1041125,,0.0
1095,1381,0,0,1084050,,0.0
1096,1051,0,0,1130628,,0.0
1097,1015,0,0,1148372,,0.0
1098,13,0,0,1087056,,0.0
1099,0,0,0,1191836,,
1100,50,0,0,1321858,,0.0
1101,55,0,0,1104244,,0.0
1102,110,0,0,1158333,,0.0
1103,7,0,0,1069224,,0.0
1104,3135,0,0,1083294,,0.0
1105,122,0,0,1147932,,0.0
1106,223,0,0,1266589,,0.0
1107,0,0,0,1212716,,
1108,0,0,0,1123185,,
1109,23,0,0,1330296,,0.0
1110,0,0,0,175850,,
1111,0,0,0,1041499,,
1112,0,0,0,1053478,,
1113,0,0,0,738230,,
1114,0,0,0,796889,,
1115,36,0,0,1009443,,0.0
1116,2,0,0,994753,,0.0
1117,0,0,0,265058,,
1118,0,0,0,379020,,
1119,0,0,0,750987,,
1120,0,0,0,957542,,
1121,605,0,0,1190371,,0.0
1122,4848,0,0,1194396,,0.0
1123,1710,0,0,1142095,,0.0
1124,1604,0,0,1135034,,0.0
1125,1912,0,0,1144052,,0.0
1126,159,0,0,1330212,,0.0
1127,519,0,0,1135231,,0.0
1128,1897,0,0,1160395,,0.0
1129,644,0,0,1181998,,0.0
1130,0,0,0,1131990,,
1131,2522,0,0,1144003,,0.0
1132,1083,0,0,1139421,,0.0
1133,1168,0,0,1171246,,0.0
1134,2389,0,0,1088007,,0.0
1135,5060,0,0,1216060,,0.0
1136,431,0,0,1163494,,0.0
1137,336,0,0,1159117,,0.0
1138,12539,0,0,1133822,,0.0
1139,1337,0,0,1128410,,0.0
1140,560,0,0,1142513,,0.0
1141,991,0,0,1188294,,0.0
1142,2797,0,0,1087361,,0.0
1143,4287,0,0,1089723,,0.0
1144,445,0,0,1359293,,0.0
1145,920,0,0,1165016,,0.0
1146,1471,0,0,1227027,,0.0
1147,401,0,0,1197544,,0.0
1148,1021,0,0,1009404,,0.0
1149,81,0,0,996701,,0.0
1150,119,0,0,1023557,,0.0
1151,6,0,0,1009404,,0.0
1152,37,0,0,1003600,,0.0
1153,0,0,0,1057085,,
1154,78,0,0,1057085,,0.0
1155,0,0,0,1045221,,
1156,1633,0,0,1088319,,0.0
1157,2927,0,0,1117986,,0.0
1158,191,0,0,1088921,,0.0
1159,0,0,0,1032116,,
1160,0,0,0,961251,,
1161,3,0,0,967517,,0.0
1162,309,0,0,959146,,0.0
1163,1286,0,0,967595,,0.0
1164,1196,0,0,959146,,0.0
1165,0,0,0,1090881,,
1166,593,0,0,1089251,,0.0
1167,3460,0,0,1056741,,0.0
1168,10029,0,0,1067289,,0.0
1169,0,0,0,1051251,,
1170,164,0,0,1129469,,0.0
1171,0,0,0,1083752,,
1172,0,0,0,1090881,,
1173,0,0,0,961076,,
1174,722,0,0,1230371,,0.0
1175,0,0,0,883924,,
1176,93,0,0,1200753,,0.0
1177,532,0,0,1075074,,0.0
1178,1297,0,0,1119514,,0.0
1179,209,0,0,1106118,,0.0
1180,67,0,0,1271206,,0.0
1181,157,0,0,1236804,,0.0
1182,41,0,0,1245584,,0.0
1183,636,0,0,1108066,,0.0
1184,0,0,0,1083435,,
1185,0,0,0,1117132,,
1186,280,0,0,1250431,,0.0
1187,1329,0,0,1020854,,0.0
1188,0,0,0,1160880,,
1189,0,0,0,642537,,
1190,706,0,0,825140,,0.0
1191,0,65000,69225000,793178,12.20273846153846,
1192,0,0,0,0,,
1193,0,0,0,506629,,
1194,0,0,0,718888,,
1195,0,0,0,943783,,
1196,0,0,0,670934,,
1197,0,0,0,585676,,
1198,0,0,0,434050,,
1199,0,0,0,583820,,
1200,0,0,0,338610,,
1201,0,0,0,278709,,
1202,415,0,0,619954,,0.0
1203,0,0,0,352009,,
1204,0,0,0,638158,,
1205,0,0,0,564551,,
1206,1252,0,0,749757,,0.0
1207,1132,0,0,739482,,0.0
1208,0,0,0,465893,,
1209,0,0,0,453412,,
1210,0,0,0,595111,,
1211,0,0,0,368110,,
1212,0,0,0,334239,,
1213,0,0,0,713304,,
1214,0,0,0,444193,,
1215,0,0,0,364441,,
1216,0,0,0,627071,,
1217,0,0,0,173786,,
1218,1385,0,0,532363,,0.0
1219,55,0,0,480253,,0.0
1220,0,0,0,297780,,
1221,0,0,0,467043,,
1222,0,0,0,493102,,
1223,1506,0,0,687108,,0.0
1224,0,0,0,692725,,
1225,0,0,0,0,,
1226,0,0,0,1183,,
1227,0,0,0,189142,,
1228,0,0,0,0,,
1229,0,0,0,217164,,
1230,0,0,0,299676,,
1231,0,0,0,15724,,
1232,0,0,0,575949,,
1233,0,0,0,730386,,
1234,0,0,0,1054630,,
1235,0,0,0,585632,,
1236,0,0,0,1036586,,
1237,0,0,0,922618,,
1238,0,0,0,749216,,
1239,0,0,0,911722,,
1240,0,0,0,754569,,
1241,0,0,0,850446,,
1242,0,0,0,913598,,
1243,0,0,0,924052,,
1244,0,0,0,736947,,
1245,983,0,0,767369,,0.0
1246,720,0,0,807821,,0.0
1247,630,0,0,792080,,0.0
1248,0,0,0,688129,,
1249,0,0,0,571676,,
1250,0,0,0,711810,,
1251,0,0,0,672963,,
1252,0,0,0,573283,,
1253,0,0,0,592315,,
1254,33,0,0,739932,,0.0
1255,0,0,0,665712,,
1256,0,0,0,750189,,
1257,0,0,0,620946,,
1258,0,0,0,677635,,
1259,0,0,0,706514,,
1260,1159,130000,142090000,813252,6.2557846153846155,122597.06643658326
1261,4407,0,0,819196,,0.0
1262,2901,65000,74815000,855030,13.154307692307693,25789.382971389176
1263,1496,0,0,742971,,0.0
1264,1471,0,0,773810,,0.0
1265,1011,0,0,722462,,0.0
1266,21,0,0,805564,,0.0
1267,34,0,0,809290,,0.0
1268,68,0,0,758918,,0.0
1269,53,0,0,739187,,0.0
1270,0,0,0,753303,,
1271,31,0,0,729267,,0.0
1272,22,0,0,729267,,0.0
1273,53,0,0,727067,,0.0
1274,140,0,0,737384,,0.0
1275,54,0,0,734081,,0.0
1276,27,0,0,745587,,0.0
1277,44,0,0,763539,,0.0
1278,94,0,0,790240,,0.0
1279,1228,0,0,888186,,0.0
1280,816,0,0,798676,,0.0
1281,666,0,0,918630,,0.0
1282,52,0,0,727126,,0.0
1283,106,0,0,735088,,0.0
1284,82,0,0,777441,,0.0
1285,37,0,0,740302,,0.0
1286,1372,0,0,784334,,0.0
1287,729,0,0,766733,,0.0
1288,0,0,0,696544,,
1289,0,0,0,879385,,
1290,54,0,0,852177,,0.0
1291,73,0,0,745295,,0.0
1292,86,0,0,731990,,0.0
1293,89,0,0,774687,,0.0
1294,66,0,0,759729,,0.0
1295,0,0,0,754234,,
1296,62,0,0,793690,,0.0
1297,92,0,0,751657,,0.0
1298,0,0,0,754766,,
1299,54,0,0,779338,,0.0
1300,96,0,0,802612,,0.0
1301,0,0,0,838345,,
1302,69,0,0,802612,,0.0
1303,85,0,0,838345,,0.0
1304,2527,0,0,700892,,0.0
1305,2530,0,0,622850,,0.0
1306,319,0,0,730745,,0.0
1307,862,0,0,740189,,0.0
1308,733,0,0,750202,,0.0
1309,0,0,0,713089,,
1310,40,0,0,667699,,0.0
1311,102,0,0,674803,,0.0
1312,118,0,0,739221,,0.0
1313,79,0,0,808211,,0.0
1314,573,0,0,803519,,0.0
1315,482,0,0,779202,,0.0
1316,25,0,0,775619,,0.0
1317,494,0,0,774429,,0.0
1318,1419,0,0,696363,,0.0
1319,54,0,0,706985,,0.0
1320,69,0,0,733406,,0.0
1321,105,0,0,688015,,0.0
1322,302,0,0,844916,,0.0
1323,214,0,0,896233,,0.0
1324,2489,0,0,770733,,0.0
1325,610,0,0,884202,,0.0
1326,263,0,0,1019458,,0.0
1327,675,0,0,924977,,0.0
1328,626,0,0,985517,,0.0
1329,744,0,0,896233,,0.0
1330,895,0,0,842429,,0.0
1331,0,0,0,833957,,
1332,0,0,0,984945,,
1333,2563,0,0,830150,,0.0
1334,275,0,0,957467,,0.0
1335,611,0,0,922479,,0.0
1336,1908,0,0,747349,,0.0
1337,1847,0,0,888634,,0.0
1338,2163,0,0,786227,,0.0
1339,745,0,0,940883,,0.0
1340,474,0,0,923875,,0.0
1341,1535,0,0,837650,,0.0
1342,1586,0,0,869853,,0.0
1343,0,0,0,928223,,
1344,30,0,0,938297,,0.0
1345,1017,0,0,863166,,0.0
1346,873,0,0,855847,,0.0
1347,132,0,0,937122,,0.0
1348,63,0,0,911679,,0.0
1349,183,0,0,981079,,0.0
1350,0,0,0,981178,,
1351,1786,0,0,911906,,0.0
1352,47,0,0,1074558,,0.0
1353,42,0,0,1036320,,0.0
1354,29,0,0,1054630,,0.0
1355,34,0,0,1064954,,0.0
1356,392,0,0,886698,,0.0
1357,1136,0,0,896389,,0.0
1358,2028,0,0,810546,,0.0
1359,446,0,0,908366,,0.0
1360,126,0,0,939009,,0.0
1361,102,0,0,939009,,0.0
1362,126,0,0,939009,,0.0
1363,141,0,0,870510,,0.0
1364,156,0,0,826138,,0.0
1365,364,0,0,1008957,,0.0
1366,3586,0,0,847927,,0.0
1367,3102,0,0,836541,,0.0
1368,2033,0,0,748842,,0.0
1369,1389,0,0,771409,,0.0
1370,2177,0,0,788953,,0.0
1371,2434,0,0,896234,,0.0
1372,2068,0,0,774790,,0.0
1373,584,0,0,760670,,0.0
1374,769,0,0,789268,,0.0
1375,1119,0,0,775421,,0.0
1376,1684,0,0,745572,,0.0
1377,1060,0,0,758991,,0.0
1378,1073,0,0,846343,,0.0
1379,4136,0,0,726077,,0.0
1380,1323,0,0,673895,,0.0
1381,1049,0,0,628229,,0.0
1382,1503,0,0,614335,,0.0
1383,2449,0,0,797387,,0.0
1384,1236,0,0,737297,,0.0
1385,0,0,0,733406,,
1386,129,0,0,939970,,0.0
1387,412,0,0,882418,,0.0
1388,88,0,0,885074,,0.0
1389,1075,0,0,827315,,0.0
1390,2514,0,0,899845,,0.0
1391,805,0,0,642466,,0.0
1392,1194,0,0,879662,,0.0
1393,1410,0,0,887458,,0.0
1394,662,0,0,936863,,0.0
1395,4451,0,0,565396,,0.0
1396,8072,0,0,452063,,0.0
1397,5736,65000,57200000,631243,9.71143076923077,9972.1059972106
1398,865,65000,75270000,869538,13.377507692307692,87017.34104046243
1399,3545,0,0,940399,,0.0
1400,1503,0,0,914844,,0.0
1401,1631,0,0,930325,,0.0
1402,408,0,0,945264,,0.0
1403,0,0,0,925869,,
1404,698,0,0,897816,,0.0
1405,196,0,0,964181,,0.0
1406,3304,130000,145080000,847968,6.52283076923077,43910.41162227603
1407,232,0,0,914063,,0.0
1408,512,0,0,1004327,,0.0
1409,2389,0,0,777295,,0.0
1410,396,0,0,940080,,0.0
1411,553,0,0,885424,,0.0
1412,1478,0,0,915849,,0.0
1413,1368,0,0,888618,,0.0
1414,363,0,0,856573,,0.0
1415,0,0,0,1019697,,
1416,583,0,0,827032,,0.0
1417,1001,0,0,788533,,0.0
1418,0,0,0,795336,,
1419,1552,0,0,780978,,0.0
1420,513,0,0,836801,,0.0
1421,847,0,0,797054,,0.0
1422,2218,0,0,966928,,0.0
1423,3677,0,0,919547,,0.0
1424,570,0,0,838036,,0.0
1425,2444,0,0,713672,,0.0
1426,377,0,0,788991,,0.0
1427,194,0,0,827062,,0.0
1428,61,0,0,792488,,0.0
1429,133,0,0,847702,,0.0
1430,475,0,0,833266,,0.0
1431,592,0,0,793493,,0.0
1432,852,0,0,795316,,0.0
1433,1222,0,0,929315,,0.0
1434,396,0,0,813594,,0.0
1435,197,0,0,786797,,0.0
1436,0,0,0,420340,,
1437,0,0,0,642147,,
1438,2465,0,0,711789,,0.0
1439,56,0,0,663259,,0.0
1440,59,0,0,697228,,0.0
1441,74,0,0,736151,,0.0
1442,67,0,0,788921,,0.0
1443,66,0,0,705153,,0.0
1444,344,0,0,739482,,0.0
1445,9,0,0,889240,,0.0
1446,116,0,0,793493,,0.0
1447,432,0,0,684294,,0.0
1448,463,0,0,839064,,0.0
1449,1930,0,0,737856,,0.0
1450,973,0,0,828900,,0.0
1451,149,0,0,894150,,0.0
1452,169,0,0,869734,,0.0
1453,223,0,0,884796,,0.0
1454,1696,0,0,944327,,0.0
1455,382,0,0,842835,,0.0
1456,0,0,0,687648,,
1457,818,0,0,955367,,0.0
1458,466,0,0,866756,,0.0
1459,784,0,0,869820,,0.0
1460,268,0,0,893372,,0.0
1461,1009,0,0,855523,,0.0
1462,0,0,0,660572,,
1463,0,0,0,612762,,
1464,0,0,0,697228,,
1465,0,0,0,390096,,
1466,35,0,0,1089767,,0.0
1467,83,0,0,1011886,,0.0
1468,81,0,0,1034447,,0.0
1469,27,0,0,1089191,,0.0
1470,787,0,0,1121845,,0.0
1471,1274,0,0,1015703,,0.0
1472,1562,0,0,1171906,,0.0
1473,326,0,0,1097258,,0.0
1474,1610,0,0,1053269,,0.0
1475,1147,0,0,947221,,0.0
1476,4184,0,0,906816,,0.0
1477,0,0,0,1002649,,
1478,0,0,0,1106476,,
1479,1667,0,0,894985,,0.0
1480,0,0,0,986451,,
1481,197,0,0,1050204,,0.0
1482,0,0,0,925650,,
1483,360,0,0,1052207,,0.0
1484,916,0,0,1036366,,0.0
1485,4554,0,0,946535,,0.0
1486,44,0,0,1042635,,0.0
1487,57,0,0,1058521,,0.0
1488,53,0,0,1061160,,0.0
1489,72,0,0,945158,,0.0
1490,124,0,0,917635,,0.0
1491,56,0,0,953046,,0.0
1492,88,0,0,967722,,0.0
1493,6,0,0,948792,,0.0
1494,99,0,0,951806,,0.0
1495,80,0,0,980800,,0.0
1496,0,0,0,994414,,
1497,80,0,0,986268,,0.0
1498,137,0,0,954446,,0.0
1499,38,0,0,978290,,0.0
1500,0,0,0,916228,,
1501,552,0,0,1014376,,0.0
1502,93,0,0,925128,,0.0
1503,2232,0,0,903702,,0.0
1504,888,0,0,936235,,0.0
1505,1391,0,0,968751,,0.0
1506,563,0,0,1062525,,0.0
1507,696,0,0,1032268,,0.0
1508,0,0,0,1055378,,
1509,832,0,0,974451,,0.0
1510,658,0,0,1017511,,0.0
1511,0,0,0,908672,,
1512,2697,0,0,915008,,0.0
1513,720,0,0,943222,,0.0
1514,162,0,0,936213,,0.0
1515,159,0,0,902208,,0.0
1516,137,0,0,878403,,0.0
1517,65,0,0,908573,,0.0
1518,69,0,0,946690,,0.0
1519,45,0,0,942145,,0.0
1520,108,0,0,945449,,0.0
1521,212,0,0,950136,,0.0
1522,69,0,0,949814,,0.0
1523,7,0,0,955005,,0.0
1524,66,0,0,937735,,0.0
1525,80,0,0,909204,,0.0
1526,648,0,0,934314,,0.0
1527,455,0,0,925218,,0.0
1528,101,0,0,918809,,0.0
1529,75,0,0,887124,,0.0
1530,33,0,0,916560,,0.0
1531,62,0,0,926515,,0.0
1532,73,0,0,904193,,0.0
1533,53,0,0,907257,,0.0
1534,54,0,0,896200,,0.0
1535,26,0,0,906430,,0.0
1536,45,0,0,910435,,0.0
1537,82,0,0,904818,,0.0
1538,78,0,0,922799,,0.0
1539,114,0,0,884488,,0.0
1540,132,0,0,887964,,0.0
1541,104,0,0,908330,,0.0
1542,68,0,0,891192,,0.0
1543,112,0,0,866849,,0.0
1544,87,0,0,850912,,0.0
1545,112,0,0,878491,,0.0
1546,2267,0,0,810370,,0.0
1547,46,0,0,953219,,0.0
1548,91,0,0,901306,,0.0
1549,34,0,0,909669,,0.0
1550,441,0,0,987739,,0.0
1551,54,0,0,905798,,0.0
1552,46,0,0,910869,,0.0
1553,11,0,0,913706,,0.0
1554,493,0,0,944527,,0.0
1555,273,0,0,991375,,0.0
1556,1109,0,0,960520,,0.0
1557,136,0,0,1035237,,0.0
1558,0,0,0,876929,,
1559,0,0,0,1093327,,
1560,21,0,0,1208884,,0.0
1561,0,0,0,0,,
1562,0,0,0,112368,,
1563,0,0,0,729075,,
1564,153,0,0,883015,,0.0
1565,0,0,0,252574,,
1566,0,0,0,20674,,
1567,0,0,0,50158,,
1568,34,0,0,267222,,0.0
1569,0,0,0,0,,
1570,0,0,0,273495,,
1571,17,0,0,528852,,0.0
1572,0,0,0,671721,,
1573,0,0,0,4639,,
1574,0,0,0,112368,,
1575,24,0,0,331859,,0.0
1576,0,0,0,310190,,
1577,521,0,0,704930,,0.0
1578,1,0,0,817469,,0.0
1579,435,0,0,927817,,0.0
1580,397,0,0,859986,,0.0
1581,710,0,0,817331,,0.0
1582,1389,0,0,863808,,0.0
1583,737,0,0,786075,,0.0
1584,5747,0,0,681369,,0.0
1585,4585,0,0,678714,,0.0
1586,1329,0,0,723746,,0.0
1587,5522,0,0,546887,,0.0
1588,21,0,0,863141,,0.0
1589,225,0,0,995824,,0.0
1590,264,0,0,1117117,,0.0
1591,812,0,0,994527,,0.0
1592,1049,0,0,983565,,0.0
1593,1719,0,0,1031093,,0.0
1594,631,0,0,926069,,0.0
1595,1346,0,0,925470,,0.0
1596,2762,0,0,1144526,,0.0
1597,0,0,0,812769,,
1598,0,0,0,822527,,
1599,0,0,0,838110,,
1600,3172,0,0,801994,,0.0
1601,48,0,0,995221,,0.0
1602,1496,0,0,1075747,,0.0
1603,1653,0,0,831904,,0.0
1604,2724,0,0,905209,,0.0
1605,0,0,0,1127546,,
1606,1763,0,0,942357,,0.0
1607,4144,0,0,846856,,0.0
1608,5481,0,0,1113908,,0.0
1609,855,0,0,770890,,0.0
1610,3574,0,0,958762,,0.0
1611,4679,0,0,1058630,,0.0
1612,0,0,0,514413,,
1613,0,0,0,471777,,
1614,2195,0,0,914938,,0.0
1615,1322,0,0,1067749,,0.0
1616,0,0,0,1250155,,
1617,2667,0,0,1128098,,0.0
1618,0,0,0,1239685,,
1619,6989,0,0,929740,,0.0
1620,3524,0,0,1128893,,0.0
1621,29,0,0,1152639,,0.0
1622,7,0,0,1194580,,0.0
1623,2373,0,0,1157261,,0.0
1624,1372,0,0,1088462,,0.0
1625,6,0,0,1273034,,0.0
1626,75,0,0,1222174,,0.0
1627,0,0,0,349878,,
1628,0,0,0,948545,,
1629,0,0,0,1025728,,
1630,215,0,0,914736,,0.0
1631,0,0,0,880297,,
1632,0,0,0,905344,,
1633,0,0,0,901821,,
1634,0,0,0,10530,,
1635,221,0,0,857200,,0.0
1636,0,0,0,290667,,
1637,0,0,0,502416,,
1638,0,0,0,364994,,
1639,0,0,0,54386,,
1640,0,0,0,348571,,
1641,0,0,0,161019,,
1642,0,0,0,280162,,
1643,0,0,0,54391,,
1644,0,0,0,143977,,
1645,0,0,0,443203,,
1646,0,0,0,0,,
1647,0,0,0,19657,,
1648,0,0,0,157918,,
1649,0,0,0,9370,,
1650,0,0,0,187711,,
1651,0,0,0,14861,,
1652,0,0,0,335719,,
1653,0,0,0,471999,,
1654,0,0,0,225883,,
1655,11486,0,0,907465,,0.0
1656,4875,0,0,816050,,0.0
1657,5903,0,0,803945,,0.0
1658,2701,0,0,690949,,0.0
1659,0,0,0,524612,,
1660,3079,0,0,904081,,0.0
1661,0,0,0,961298,,
1662,0,0,0,466765,,
1663,0,0,0,301626,,
1664,0,0,0,747352,,
1665,0,0,0,777843,,
1666,0,0,0,842756,,
1667,0,0,0,583735,,
1668,0,0,0,623360,,
1669,0,0,0,715537,,
1670,0,0,0,624834,,
1671,0,0,0,413071,,
1672,0,0,0,876780,,
1673,123,0,0,609751,,0.0
1674,0,0,0,1018629,,
1675,0,0,0,831384,,
1676,0,0,0,0,,
1677,0,0,0,642021,,
1678,0,0,0,58184,,
1679,0,0,0,101774,,
1680,0,0,0,374,,
1681,0,0,0,155647,,
1682,0,0,0,205801,,
1683,0,0,0,326097,,
1684,0,0,0,242991,,
1685,0,0,0,9354,,
1686,0,0,0,79371,,
1687,0,0,0,54850,,
1688,0,0,0,200686,,
1689,0,0,0,309273,,
1690,0,0,0,433218,,
1691,0,0,0,4964,,
1692,0,0,0,127265,,
1693,0,0,0,372435,,
1694,0,0,0,12027,,
1695,0,0,0,300583,,
1696,0,0,0,758,,
1697,0,0,0,952320,,
1698,1908,0,0,453029,,0.0
1699,0,0,0,224413,,
1700,0,0,0,453156,,
1701,0,0,0,297212,,
1702,0,0,0,536714,,
1703,0,0,0,923254,,
1704,0,0,0,982653,,
1705,53,0,0,905681,,0.0
1706,0,0,0,886797,,
1707,0,0,0,623,,
1708,0,0,0,83623,,
1709,0,0,0,377143,,
1710,0,0,0,623,,
1711,0,0,0,353196,,
1712,81,0,0,132239,,0.0
1713,4,0,0,910670,,0.0
1714,0,0,0,14634,,
1715,0,0,0,87337,,
1716,0,0,0,6063,,
1717,0,0,0,6800,,
1718,0,0,0,11816,,
1719,0,0,0,11816,,
1720,0,0,0,11816,,
1721,0,0,0,11816,,
1722,0,0,0,6062,,
1723,0,0,0,18934,,
1724,0,0,0,6062,,
1725,0,0,0,26829,,
1726,0,0,0,0,,
1727,0,0,0,869047,,
1728,15,0,0,528715,,0.0
1729,53,0,0,188048,,0.0
1730,0,0,0,501829,,
1731,0,0,0,281169,,
1732,71,0,0,674521,,0.0
1733,299,0,0,726481,,0.0
1734,0,0,0,1059081,,
1735,39,0,0,1017870,,0.0
1736,324,0,0,912377,,0.0
1737,0,0,0,681873,,
1738,167,0,0,929695,,0.0
1739,57,0,0,754423,,0.0
1740,0,0,0,784891,,
1741,42,0,0,580642,,0.0
1742,123,0,0,413038,,0.0
1743,157,0,0,229611,,0.0
1744,0,0,0,464401,,
1745,76,0,0,220946,,0.0
1746,32,0,0,491295,,0.0
1747,184,0,0,561256,,0.0
1748,84,0,0,1045261,,0.0
1749,498,0,0,993340,,0.0
1750,218,0,0,870682,,0.0
1751,32,0,0,574123,,0.0
1752,67,0,0,983012,,0.0
1753,14,0,0,817593,,0.0
1754,72,0,0,799731,,0.0
1755,89,0,0,720956,,0.0
1756,135,0,0,663303,,0.0
1757,0,0,0,574151,,
1758,225,0,0,674640,,0.0
1759,42,0,0,876854,,0.0
1760,60,0,0,725703,,0.0
1761,531,0,0,648539,,0.0
1762,20,0,0,513507,,0.0
1763,56,0,0,512240,,0.0
1764,86,0,0,491295,,0.0
1765,623,0,0,678903,,0.0
1766,0,0,0,364301,,
1767,50,0,0,426143,,0.0
1768,82,0,0,521471,,0.0
1769,0,0,0,45548,,
1770,25,0,0,375882,,0.0
1771,0,0,0,181214,,
1772,0,0,0,99145,,
1773,0,0,0,3791,,
1774,0,0,0,343788,,
1775,0,0,0,375882,,
1776,0,0,0,0,,
1777,0,0,0,0,,
1778,0,0,0,0,,
1779,0,0,0,0,,
1780,0,0,0,205490,,
1781,0,0,0,243391,,
1782,0,0,0,192373,,
1783,0,0,0,115340,,
1784,0,0,0,174849,,
1785,0,0,0,169450,,
1786,0,0,0,130421,,
1787,0,0,0,71793,,
1788,0,0,0,103096,,
1789,0,0,0,175781,,
1790,0,0,0,173374,,
1791,0,0,0,203986,,
1792,0,0,0,74538,,
1793,0,0,0,7362,,
1794,0,0,0,33427,,
1795,0,0,0,118937,,
1796,0,0,0,153523,,
1797,0,0,0,266009,,
1798,0,0,0,214695,,
1799,0,0,0,306285,,
1800,0,0,0,310803,,
1801,0,0,0,173237,,
1802,0,0,0,219675,,
1803,0,0,0,167247,,
1804,2,0,0,219689,,0.0
1805,0,0,0,162231,,
1806,0,0,0,124686,,
1807,0,0,0,158864,,
1808,0,0,0,235618,,
1809,0,0,0,480535,,
1810,0,0,0,473146,,
1811,0,0,0,298705,,
1812,0,0,0,610430,,
1813,49,0,0,502287,,0.0
1814,0,0,0,244018,,
1815,0,0,0,249279,,
1816,4,0,0,304267,,0.0
1817,0,0,0,249279,,
1818,9,0,0,205490,,0.0
1819,0,0,0,219624,,
1820,188,0,0,457043,,0.0
1821,1392,0,0,660046,,0.0
1822,0,0,0,649436,,
1823,0,0,0,747502,,
1824,0,0,0,952865,,
1825,0,0,0,781735,,
1826,0,0,0,484408,,
1827,91,0,0,505522,,0.0
1828,0,0,0,408436,,
1829,0,0,0,464728,,
1830,0,0,0,158792,,
1831,0,0,0,253516,,
1832,0,0,0,328304,,
1833,0,0,0,422953,,
1834,0,0,0,426680,,
1835,0,0,0,807879,,
1836,0,0,0,821283,,
1837,0,0,0,1103840,,
1838,0,0,0,611654,,
1839,0,0,0,677860,,
1840,0,0,0,681797,,
1841,233,0,0,430964,,0.0
1842,837,0,0,408004,,0.0
1843,0,0,0,907759,,
1844,0,0,0,309612,,
1845,0,0,0,1075961,,
1846,589,0,0,1126347,,0.0
1847,0,0,0,786407,,
1848,0,0,0,968550,,
1849,0,0,0,684726,,
1850,0,0,0,1065631,,
1851,0,0,0,739515,,
1852,0,0,0,589208,,
1853,0,0,0,743212,,
1854,0,0,0,274952,,
1855,0,0,0,693244,,
1856,0,0,0,416203,,
1857,1832,0,0,725268,,0.0
1858,0,0,0,1065159,,
1859,0,0,0,277474,,
1860,0,0,0,201820,,
1861,0,0,0,35763,,
1862,0,0,0,58206,,
1863,2220,0,0,425718,,0.0
1864,0,0,0,725991,,
1865,397,0,0,1174533,,0.0
1866,0,0,0,39570,,
1867,0,0,0,75005,,
1868,0,0,0,133831,,
1869,0,0,0,68417,,
1870,0,0,0,127281,,
1871,0,0,0,94368,,
1872,0,0,0,51270,,
1873,0,0,0,63847,,
1874,107,0,0,221275,,0.0
1875,0,0,0,863784,,
1876,0,0,0,345627,,
1877,940,0,0,388161,,0.0
1878,424,0,0,379246,,0.0
1879,34,0,0,335381,,0.0
1880,46,0,0,345627,,0.0
1881,285,0,0,355711,,0.0
1882,0,0,0,358753,,
1883,0,0,0,37717,,
1884,0,0,0,91563,,
1885,0,0,0,129843,,
1886,424,0,0,169520,,0.0
1887,1821,0,0,129843,,0.0
1888,605,0,0,119076,,0.0
1889,0,0,0,174866,,
1890,505,0,0,120598,,0.0
1891,0,0,0,120795,,
1892,80,0,0,418745,,0.0
1893,0,0,0,35226,,
1894,0,0,0,0,,
1895,0,0,0,16618,,
1896,0,0,0,0,,
1897,0,0,0,16424,,
1898,0,0,0,16424,,
1899,0,0,0,71649,,
1900,0,0,0,0,,
1901,0,0,0,0,,
1902,0,0,0,86425,,
1903,0,0,0,15581,,
1904,0,0,0,47327,,
1905,164,0,0,80583,,0.0
1906,0,0,0,182682,,
1907,250,0,0,245799,,0.0
1908,1245,0,0,289197,,0.0
1909,676,0,0,259105,,0.0
1910,416,0,0,299414,,0.0
1911,997,0,0,318644,,0.0
1912,2778,0,0,335764,,0.0
1913,1897,0,0,339400,,0.0
1914,3513,0,0,381546,,0.0
1915,703,0,0,333348,,0.0
1916,735,0,0,305368,,0.0
1917,393,0,0,265845,,0.0
1918,1159,0,0,289628,,0.0
1919,1665,0,0,248888,,0.0
1920,2283,0,0,299948,,0.0
1921,572,0,0,347168,,0.0
1922,2682,0,0,163645,,0.0
1923,124,0,0,289446,,0.0
1924,37,0,0,250255,,0.0
1925,89,0,0,234581,,0.0
1926,99,0,0,215945,,0.0
1927,0,0,0,207981,,
1928,315,0,0,236449,,0.0
1929,773,0,0,185776,,0.0
1930,32,0,0,198200,,0.0
1931,218,0,0,245003,,0.0
1932,144,0,0,245030,,0.0
1933,0,0,0,30899,,
1934,0,0,0,65617,,
1935,24,0,0,75771,,0.0
1936,258,0,0,68337,,0.0
1937,47,0,0,67509,,0.0
1938,0,0,0,33855,,
1939,0,0,0,55981,,
1940,0,0,0,61169,,
1941,0,0,0,35464,,
1942,3347,0,0,67025,,0.0
1943,674,0,0,65617,,0.0
1944,148,0,0,68337,,0.0
1945,890,0,0,74810,,0.0
1946,326,0,0,69021,,0.0
1947,302,0,0,68476,,0.0
1948,874,0,0,67525,,0.0
1949,194,0,0,67525,,0.0
1950,304,0,0,68476,,0.0
1951,0,0,0,69021,,
1952,1235,0,0,61056,,0.0
1953,1175,0,0,68070,,0.0
1954,0,0,0,106618,,
1955,1982,0,0,621296,,0.0
1956,17122,0,0,674058,,0.0
1957,13353,0,0,770014,,0.0
1958,1005,0,0,722551,,0.0
1959,445,0,0,919863,,0.0
1960,14073,0,0,873155,,0.0
1961,1342,0,0,924290,,0.0
1962,1515,0,0,627538,,0.0
1963,2175,0,0,915157,,0.0
1964,1742,0,0,731929,,0.0
1965,2354,0,0,1336499,,0.0
1966,1172,0,0,1402094,,0.0
1967,27,0,0,1392638,,0.0
1968,51,0,0,1388405,,0.0
1969,950,0,0,1199285,,0.0
1970,2297,0,0,1344161,,0.0
1971,12,0,0,1372798,,0.0
1972,908,0,0,1342999,,0.0
1973,509,0,0,1272015,,0.0
1974,284,0,0,1383150,,0.0
1975,184,0,0,1356730,,0.0
1976,1768,0,0,1355172,,0.0
1977,0,0,0,1305825,,
1978,5837,0,0,1274356,,0.0
1979,1682,0,0,1350702,,0.0
1980,21,0,0,1296263,,0.0
1981,22,0,0,1408035,,0.0
1982,0,0,0,1408966,,
1983,33,0,0,1320518,,0.0
1984,3,0,0,1287006,,0.0
1985,8,0,0,1348512,,0.0
1986,1905,0,0,1343919,,0.0
1987,0,0,0,1384329,,
1988,0,0,0,1352893,,
1989,305,0,0,1278149,,0.0
1990,1254,0,0,1273913,,0.0
1991,70,0,0,1249683,,0.0
1992,48,0,0,1193729,,0.0
1993,0,0,0,1351031,,
1994,0,0,0,1149329,,
1995,431,0,0,1240215,,0.0
1996,0,0,0,874793,,
1997,0,0,0,800050,,
1998,0,0,0,1045352,,
1999,0,0,0,927136,,
2000,0,0,0,1011366,,
2001,0,0,0,733888,,
2002,0,0,0,1017989,,
2003,1583,0,0,1233356,,0.0
2004,161,0,0,1282543,,0.0
2005,0,0,0,1222079,,
2006,54,0,0,1289883,,0.0
2007,26,0,0,1379034,,0.0
2008,122,0,0,1164893,,0.0
2009,111,0,0,1155153,,0.0
2010,155,0,0,1290519,,0.0
2011,50,0,0,1247801,,0.0
2012,67,0,0,1236822,,0.0
2013,60,0,0,1236822,,0.0
2014,50,0,0,1205450,,0.0
2015,82,0,0,1253741,,0.0
2016,60,0,0,1195313,,0.0
2017,74,0,0,1200685,,0.0
2018,66,0,0,1246821,,0.0
2019,65,0,0,1252400,,0.0
2020,0,0,0,1194661,,
2021,640,0,0,1301655,,0.0
2022,51,0,0,1229089,,0.0
2023,57,0,0,1234570,,0.0
2024,119,0,0,1239685,,0.0
2025,35,0,0,1288944,,0.0
2026,81,0,0,1343474,,0.0
2027,80,0,0,1215988,,0.0
2028,109,0,0,1342763,,0.0
2029,0,0,0,1354046,,
2030,26,0,0,1338094,,0.0
2031,662,0,0,890860,,0.0
2032,0,0,0,386582,,
2033,0,0,0,864968,,
2034,0,0,0,251206,,
2035,0,0,0,656660,,
2036,0,0,0,707590,,
2037,956,0,0,621440,,0.0
2038,0,0,0,762317,,
2039,40,0,0,847209,,0.0
2040,0,0,0,90126,,
2041,66,0,0,1177024,,0.0
2042,0,0,0,1202099,,
2043,26,0,0,1080330,,0.0
2044,0,0,0,1008156,,
2045,1660,0,0,1036971,,0.0
2046,294,0,0,1069578,,0.0
2047,1807,0,0,1065133,,0.0
2048,3733,0,0,1075864,,0.0
2049,620,0,0,988068,,0.0
2050,39,0,0,1110459,,0.0
2051,3214,0,0,1036971,,0.0
2052,783,0,0,784897,,0.0
2053,2216,0,0,993652,,0.0
2054,0,0,0,1029344,,
2055,4004,0,0,1172172,,0.0
2056,1061,0,0,1085801,,0.0
2057,0,0,0,650498,,
2058,2618,0,0,393163,,0.0
2059,0,0,0,209203,,
2060,0,0,0,92981,,
2061,0,0,0,97408,,
2062,0,0,0,149474,,
2063,0,0,0,73735,,
2064,127,0,0,423486,,0.0
2065,0,0,0,0,,
2066,0,0,0,502371,,
2067,0,0,0,0,,
2068,0,0,0,739478,,
2069,0,0,0,176201,,
2070,0,0,0,0,,
2071,0,0,0,78414,,
2072,0,0,0,4584,,
2073,0,0,0,0,,
2074,0,0,0,0,,
2075,0,0,0,2632,,
2076,0,0,0,1083,,
2077,0,0,0,0,,
2078,0,0,0,0,,
2079,0,0,0,0,,
2080,0,0,0,0,,
2081,0,0,0,1821,,
2082,0,0,0,2297,,
2083,0,0,0,40424,,
2084,0,0,0,0,,
2085,0,0,0,77,,
2086,0,0,0,0,,
2087,0,0,0,1821,,
2088,0,0,0,1821,,
2089,0,0,0,4948,,
2090,0,0,0,0,,
2091,295,0,0,531649,,0.0
2092,0,0,0,860,,
2093,182,0,0,851675,,0.0
2094,0,0,0,483845,,
2095,0,0,0,542911,,
2096,2042,0,0,624241,,0.0
2097,248,0,0,983021,,0.0
2098,1522,0,0,1081078,,0.0
2099,5091,0,0,1038521,,0.0
2100,0,0,0,773904,,
2101,2436,0,0,859870,,0.0
2102,0,0,0,862374,,
2103,18132,0,0,899225,,0.0
2104,0,0,0,97622,,
2105,0,0,0,802789,,
2106,6821,0,0,866561,,0.0
2107,10827,0,0,871817,,0.0
2108,17060,0,0,817910,,0.0
2109,0,0,0,785190,,
2110,0,0,0,946937,,
2111,7553,0,0,806524,,0.0
2112,6231,0,0,807570,,0.0
2113,3640,0,0,834771,,0.0
2114,0,0,0,133214,,
2115,0,0,0,994359,,
2116,0,65000,75205000,952049,14.646907692307693,
2117,0,0,0,1047600,,
2118,0,0,0,1014477,,
2119,0,0,0,759062,,
2120,0,0,0,814054,,
2121,0,0,0,1160311,,
2122,68,0,0,1207369,,0.0
2123,137,0,0,942668,,0.0
2124,0,0,0,1047951,,
2125,0,0,0,994722,,
2126,282,0,0,1187516,,0.0
2127,0,0,0,1074365,,
2128,0,0,0,1169017,,
2129,0,0,0,768517,,
2130,0,0,0,454223,,
2131,0,0,0,797790,,
2132,0,0,0,1016824,,
2133,2608,0,0,646164,,0.0
2134,4661,0,0,945780,,0.0
2135,205,0,0,945679,,0.0
2136,0,0,0,63859,,
2137,0,0,0,1013263,,
2138,0,0,0,1100378,,
2139,0,0,0,1313305,,
2140,0,0,0,1355085,,
2141,0,0,0,1193886,,
2142,0,0,0,701829,,
2143,0,0,0,414938,,
2144,3467,0,0,931676,,0.0
2145,1,0,0,1031176,,0.0
2146,1815,0,0,833356,,0.0
2147,5307,0,0,867819,,0.0
2148,0,0,0,916373,,
2149,4868,0,0,758809,,0.0
2150,0,0,0,260789,,
2151,0,0,0,611136,,
2152,0,0,0,221603,,
2153,145,0,0,887060,,0.0
2154,136,0,0,846742,,0.0
2155,0,0,0,832179,,
2156,0,0,0,539248,,
2157,500,0,0,499418,,0.0
2158,1930,0,0,833332,,0.0
2159,212,0,0,969970,,0.0
2160,0,0,0,1048837,,
2161,0,0,0,4485,,
2162,0,0,0,61630,,
2163,0,0,0,18286,,
2164,0,0,0,280589,,
2165,3367,0,0,321949,,0.0
2166,0,0,0,68354,,
2167,0,0,0,3367,,
2168,0,0,0,60069,,
2169,0,0,0,111188,,
2170,0,0,0,132994,,
2171,0,0,0,511110,,
2172,0,0,0,9246,,
2173,3143,0,0,56439,,0.0
2174,0,0,0,1840,,
2175,0,0,0,0,,
2176,0,0,0,7,,
2177,0,0,0,1859,,
2178,0,0,0,0,,
2179,0,0,0,1859,,
2180,0,0,0,0,,
2181,0,0,0,0,,
2182,0,0,0,0,,
2183,0,0,0,0,,
2184,0,0,0,0,,
2185,0,0,0,7,,
2186,0,0,0,0,,
2187,0,0,0,0,,
2188,0,0,0,1866,,
2189,0,0,0,0,,
2190,0,0,0,7,,
2191,0,0,0,302239,,
2192,2685,0,0,389840,,0.0
2193,495,0,0,476302,,0.0
2194,0,0,0,899433,,
2195,0,0,0,708007,,
2196,0,0,0,809259,,
2197,1859,0,0,833241,,0.0
2198,0,0,0,38631,,
2199,0,0,0,580190,,
2200,0,0,0,519966,,
2201,0,0,0,598222,,
2202,0,0,0,386338,,
2203,10051,0,0,653521,,0.0
2204,0,0,0,559800,,
2205,7690,0,0,689216,,0.0
2206,0,0,0,564119,,
2207,6097,0,0,686542,,0.0
2208,3255,0,0,616540,,0.0
2209,0,0,0,620205,,
2210,0,0,0,231040,,
2211,0,0,0,28203,,
2212,0,0,0,545284,,
2213,0,0,0,98682,,
2214,0,0,0,433,,
2215,0,0,0,86787,,
2216,0,0,0,433,,
2217,0,0,0,40683,,
2218,0,0,0,0,,
2219,0,0,0,21107,,
2220,0,0,0,62936,,
2221,0,0,0,433,,
2222,0,0,0,433,,
2223,0,0,0,21107,,
2224,0,0,0,22565,,
2225,127,0,0,75729,,0.0
2226,0,0,0,78909,,
2227,0,0,0,100884,,
2228,84,0,0,90126,,0.0
2229,26,0,0,75729,,0.0
2230,0,0,0,433,,
2231,45,0,0,49391,,0.0
2232,0,0,0,62418,,
2233,0,0,0,153,,
2234,0,0,0,0,,
2235,0,0,0,46239,,
2236,0,0,0,0,,
2237,0,0,0,0,,
2238,0,0,0,0,,
2239,0,0,0,0,,
2240,0,0,0,0,,
2241,0,0,0,0,,
2242,0,0,0,0,,
2243,0,0,0,0,,
2244,0,0,0,25424,,
2245,0,0,0,0,,
2246,0,0,0,0,,
2247,0,0,0,0,,
2248,0,0,0,37760,,
2249,0,0,0,89584,,
2250,0,0,0,158418,,
2251,0,0,0,72977,,
2252,0,0,0,48809,,
2253,0,0,0,211619,,
2254,0,0,0,113350,,
2255,0,0,0,322456,,
2256,57,0,0,369040,,0.0
2257,0,0,0,299702,,
2258,67,0,0,613402,,0.0
2259,1254,0,0,86204,,0.0
2260,0,0,0,62037,,
2261,0,0,0,1810,,
2262,0,0,0,204269,,
2263,0,0,0,185079,,
2264,0,0,0,374662,,
2265,0,0,0,126719,,
2266,0,0,0,648882,,
2267,0,0,0,362182,,
2268,0,0,0,687320,,
2269,0,0,0,398255,,
2270,0,0,0,252450,,
2271,0,0,0,186088,,
2272,0,0,0,18866,,
2273,0,0,0,9514,,
2274,0,0,0,1824,,
2275,1641,0,0,938821,,0.0
2276,0,0,0,881294,,
2277,0,0,0,133213,,
2278,0,0,0,1371427,,
2279,0,0,0,1391547,,
2280,0,0,0,1479070,,
2281,0,0,0,1422371,,
2282,0,0,0,1422315,,
2283,1474,0,0,1375535,,0.0
2284,1384,0,0,1394370,,0.0
2285,2711,0,0,1437965,,0.0
2286,0,0,0,1013703,,
2287,720,0,0,1391284,,0.0
2288,893,0,0,1391267,,0.0
2289,84,0,0,1385417,,0.0
2290,0,0,0,1294367,,
2291,0,0,0,1373189,,
2292,48,0,0,1468420,,0.0
2293,936,0,0,1465020,,0.0
2294,0,0,0,1437061,,
2295,875,0,0,1447359,,0.0
2296,0,0,0,1459729,,
2297,32,0,0,1465541,,0.0
2298,1919,0,0,1460902,,0.0
2299,1673,0,0,1459621,,0.0
2300,2576,0,0,1197466,,0.0
2301,0,0,0,1369050,,
2302,246,0,0,1434865,,0.0
2303,125,0,0,1461881,,0.0
2304,640,0,0,1426372,,0.0
2305,269,0,0,1425285,,0.0
2306,0,0,0,1258964,,
2307,0,0,0,1443623,,
2308,650,0,0,1341933,,0.0
2309,0,0,0,1344298,,
2310,0,0,0,1372410,,
2311,3193,0,0,1383017,,0.0
2312,348,0,0,1402985,,0.0
2313,245,0,0,1388228,,0.0
2314,958,0,0,1424010,,0.0
2315,1965,0,0,1225825,,0.0
2316,3051,0,0,1321094,,0.0
2317,164,195000,241800000,1067712,5.475446153846153,1474390.243902439
2318,3758,0,0,464903,,0.0
2319,54,0,0,1175749,,0.0
2320,0,0,0,0,,
2321,0,0,0,0,,
2322,0,0,0,0,,
2323,0,0,0,18286,,
2324,0,0,0,58253,,
2325,0,0,0,367450,,
2326,0,0,0,3429,,
2327,0,0,0,398633,,
2328,0,0,0,185080,,
2329,0,0,0,215063,,
2330,0,0,0,477632,,
2331,0,0,0,76531,,
2332,0,0,0,206224,,
2333,0,0,0,0,,
2334,0,0,0,1859,,
2335,0,0,0,70416,,
2336,0,0,0,134719,,
2337,0,0,0,93573,,
2338,0,0,0,256292,,
2339,0,0,0,9370,,
2340,0,0,0,9370,,
2341,0,0,0,70416,,
2342,0,0,0,123191,,
2343,0,0,0,19547,,
2344,0,0,0,9370,,
2345,0,0,0,0,,
2346,0,0,0,160764,,
2347,0,0,0,175551,,
2348,0,0,0,103693,,
2349,0,0,0,5750,,
2350,0,0,0,161019,,
2351,0,0,0,106149,,
2352,0,0,0,4597,,
2353,0,0,0,66439,,
2354,0,0,0,5234,,
2355,5,0,0,3372,,0.0
2356,0,0,0,3367,,
2357,0,0,0,19547,,
2358,0,0,0,18286,,
2359,0,0,0,127632,,
2360,0,0,0,0,,
2361,0,0,0,0,,
2362,0,0,0,52196,,
2363,0,0,0,45337,,
2364,0,0,0,60543,,
2365,0,0,0,55275,,
2366,0,0,0,52341,,
2367,0,0,0,75101,,
2368,0,0,0,29185,,
2369,0,0,0,34133,,
2370,0,0,0,81356,,
2371,0,0,0,601503,,
2372,0,0,0,786145,,
2373,0,0,0,1120066,,
2374,0,0,0,1028657,,
2375,0,0,0,1080985,,
2376,0,0,0,1079305,,
2377,0,0,0,1231130,,
2378,0,0,0,1359891,,
2379,0,0,0,1156178,,
2380,0,0,0,1094494,,
2381,131,0,0,1211017,,0.0
2382,1017,0,0,1246448,,0.0
2383,0,0,0,627518,,
2384,0,0,0,428249,,
2385,7,0,0,150461,,0.0
2386,0,0,0,26031,,
2387,0,0,0,0,,
2388,0,0,0,38603,,
2389,0,0,0,0,,
2390,0,0,0,1846,,
2391,0,0,0,0,,
2392,0,0,0,0,,
2393,0,0,0,445,,
2394,0,0,0,119045,,
2395,0,0,0,0,,
2396,0,0,0,770654,,
2397,0,0,0,0,,
2398,0,0,0,8424,,
2399,0,0,0,2065,,
2400,0,0,0,8200,,
2401,0,0,0,603,,
2402,0,0,0,41432,,
2403,0,0,0,0,,
2404,0,0,0,0,,
2405,0,0,0,1034,,
2406,0,0,0,0,,
2407,0,0,0,45489,,
2408,0,0,0,0,,
2409,0,0,0,0,,
2410,0,0,0,8215,,
2411,0,0,0,0,,
2412,0,0,0,215772,,
2413,0,0,0,0,,
2414,0,0,0,41476,,
2415,0,0,0,6273,,
2416,0,0,0,167880,,
2417,53,0,0,338578,,0.0
2418,91,0,0,491617,,0.0
2419,60,0,0,504572,,0.0
2420,53,0,0,490443,,0.0
2421,84,0,0,411124,,0.0
2422,71,0,0,357884,,0.0
2423,72,0,0,491503,,0.0
2424,0,0,0,414920,,
2425,122,0,0,463479,,0.0
2426,16,0,0,498336,,0.0
2427,27,0,0,376404,,0.0
2428,0,0,0,45548,,
2429,517,0,0,630625,,0.0
2430,0,0,0,523716,,
2431,0,0,0,0,,
2432,0,0,0,0,,
2433,0,0,0,8009,,
2434,0,0,0,0,,
2435,0,0,0,24818,,
2436,0,0,0,1914,,
2437,0,0,0,106961,,
2438,0,0,0,0,,
2439,0,0,0,0,,
2440,0,0,0,0,,
2441,0,0,0,0,,
2442,0,0,0,6996,,
2443,0,0,0,0,,
2444,0,0,0,0,,
2445,0,0,0,2431,,
2446,0,0,0,0,,
2447,0,0,0,0,,
2448,0,0,0,29,,
2449,0,0,0,0,,
2450,0,0,0,0,,
2451,103,0,0,379353,,0.0
2452,0,0,0,281169,,
2453,138,0,0,238535,,0.0
2454,100,0,0,337809,,0.0
2455,935,0,0,245845,,0.0
2456,29,0,0,252134,,0.0
2457,0,0,0,267661,,
2458,0,0,0,8346,,
2459,0,0,0,5228,,
2460,125,0,0,767940,,0.0
2461,0,0,0,839813,,
2462,0,0,0,298,,
2463,0,0,0,0,,
2464,0,0,0,344,,
2465,0,0,0,260391,,
2466,0,0,0,305175,,
2467,0,0,0,0,,
2468,0,0,0,283783,,
2469,0,0,0,402626,,
2470,0,0,0,0,,
2471,0,0,0,209,,
2472,0,0,0,0,,
2473,0,0,0,97856,,
2474,0,0,0,196023,,
2475,0,0,0,0,,
2476,0,0,0,0,,
2477,0,0,0,162843,,
2478,0,0,0,6183,,
2479,0,0,0,5974,,
2480,0,0,0,3,,
2481,0,0,0,0,,
2482,0,0,0,62501,,
2483,0,0,0,3738,,
2484,0,0,0,7438,,
2485,0,0,0,298705,,
2486,0,0,0,33001,,
2487,119,0,0,442254,,0.0
2488,0,0,0,28383,,
2489,0,0,0,3738,,
2490,0,0,0,252613,,
2491,0,0,0,3,,
2492,0,0,0,178354,,
2493,0,0,0,1417,,
2494,3825,130000,133900000,759051,5.838853846153846,35006.535947712415
2495,0,0,0,877901,,
2496,0,0,0,631518,,
2497,0,0,0,971667,,
2498,0,0,0,610009,,
2499,0,0,0,896256,,
2500,0,0,0,197587,,
2501,411,0,0,631137,,0.0
2502,1319,0,0,734538,,0.0
2503,0,0,0,499809,,
2504,0,0,0,693775,,
2505,0,0,0,824337,,
2506,0,0,0,311554,,
2507,0,0,0,757142,,
2508,295,0,0,442228,,0.0
2509,438,0,0,779715,,0.0
2510,516,0,0,763521,,0.0
2511,0,0,0,485530,,
2512,728,0,0,392329,,0.0
2513,0,0,0,658756,,
2514,219,0,0,744563,,0.0
2515,12,0,0,771417,,0.0
2516,249,0,0,662070,,0.0
2517,12,0,0,704930,,0.0
2518,159,0,0,676314,,0.0
2519,0,0,0,640196,,
2520,0,0,0,765986,,
2521,2254,0,0,835595,,0.0
2522,230,0,0,559269,,0.0
2523,413,0,0,750766,,0.0
2524,0,0,0,61197,,
2525,0,0,0,21486,,
2526,0,0,0,1001367,,
2527,2076,0,0,1339565,,0.0
2528,75,0,0,1359923,,0.0
2529,0,0,0,1406843,,
2530,241,0,0,1391187,,0.0
2531,0,0,0,831474,,
2532,0,0,0,432070,,
2533,0,0,0,1124141,,
2534,0,0,0,760874,,
2535,0,0,0,1019481,,
2536,0,0,0,865968,,
2537,0,0,0,979648,,
2538,0,0,0,725354,,
2539,359,0,0,764165,,0.0
2540,0,0,0,738439,,
2541,0,0,0,786206,,
2542,0,0,0,704702,,
2543,849,0,0,837254,,0.0
2544,0,0,0,831474,,
2545,43,0,0,1038111,,0.0
2546,0,0,0,891051,,
2547,8622,0,0,650741,,0.0
2548,0,0,0,405099,,
2549,0,0,0,261446,,
2550,1113,0,0,820969,,0.0
2551,0,0,0,215729,,
2552,284,0,0,699169,,0.0
2553,0,0,0,439094,,
2554,2650,0,0,807575,,0.0
2555,0,0,0,289248,,
2556,0,0,0,585756,,
2557,8922,0,0,742957,,0.0
2558,0,0,0,819393,,
2559,0,0,0,718379,,
2560,0,0,0,416041,,
2561,0,0,0,327437,,
2562,0,0,0,447856,,
2563,0,0,0,787754,,
2564,303,0,0,892909,,0.0
2565,190,0,0,195547,,0.0
2566,0,0,0,90981,,
2567,0,0,0,68340,,
2568,77,0,0,188797,,0.0
2569,209,0,0,191252,,0.0
2570,91,0,0,120793,,0.0
2571,0,0,0,91883,,
2572,0,0,0,128630,,
2573,0,0,0,56271,,
2574,0,0,0,3538,,
2575,0,0,0,1821,,
2576,0,0,0,0,,
2577,0,0,0,0,,
2578,0,0,0,1821,,
2579,0,0,0,68340,,
2580,0,0,0,42081,,
2581,0,0,0,79501,,
2582,0,0,0,2297,,
2583,0,0,0,78430,,
2584,0,0,0,30349,,
2585,0,0,0,54707,,
2586,0,0,0,68825,,
2587,0,0,0,165013,,
2588,0,0,0,269035,,
2589,0,0,0,379705,,
2590,0,0,0,18546,,
2591,13,0,0,213423,,0.0
2592,0,0,0,117189,,
2593,0,0,0,177410,,
2594,118,0,0,175321,,0.0
2595,317,0,0,272905,,0.0
2596,0,0,0,143227,,
2597,0,0,0,128519,,
2598,0,0,0,198757,,
2599,321,0,0,364660,,0.0
2600,0,0,0,168182,,
2601,649,0,0,298079,,0.0
2602,0,0,0,397067,,
2603,0,0,0,344312,,
2604,0,0,0,777144,,
2605,0,0,0,913281,,
2606,0,0,0,851697,,
2607,0,0,0,539201,,
2608,0,0,0,809208,,
2609,0,0,0,891159,,
2610,0,0,0,908952,,
2611,0,0,0,771230,,
2612,288,0,0,1041515,,0.0
2613,144,0,0,1021482,,0.0
2614,441,0,0,1075346,,0.0
2615,1530,0,0,1105957,,0.0
2616,34,0,0,713186,,0.0
2617,310,0,0,1128852,,0.0
2618,0,0,0,1100132,,
2619,0,0,0,1056844,,
2620,220,0,0,813892,,0.0
2621,1671,0,0,961382,,0.0
2622,3718,0,0,1073935,,0.0
2623,2730,0,0,1067334,,0.0
2624,0,0,0,1260556,,
2625,0,0,0,874498,,
2626,0,0,0,804159,,
2627,0,0,0,320,,
2628,0,0,0,4803,,
2629,0,0,0,0,,
2630,0,0,0,0,,
2631,0,0,0,0,,
2632,0,0,0,0,,
2633,0,0,0,0,,
2634,0,0,0,0,,
2635,0,0,0,13370,,
2636,0,0,0,0,,
2637,0,0,0,10924,,
2638,984,0,0,50156,,0.0
2639,0,0,0,17853,,
2640,0,0,0,17853,,
2641,194,0,0,23629,,0.0
2642,654,0,0,58391,,0.0
2643,329,0,0,35394,,0.0
2644,0,0,0,55529,,
2645,0,0,0,53048,,
2646,0,0,0,34602,,
2647,0,0,0,61083,,
2648,0,0,0,121388,,
2649,0,0,0,64516,,
2650,0,0,0,74733,,
2651,0,0,0,65617,,
2652,0,0,0,52322,,
2653,0,0,0,69021,,
2654,0,0,0,70785,,
2655,0,0,0,49055,,
2656,0,0,0,63993,,
2657,0,0,0,162378,,
2658,0,0,0,5571,,
2659,0,0,0,123462,,
2660,0,0,0,130997,,
2661,2436,0,0,54488,,0.0
2662,0,0,0,64997,,
2663,0,0,0,28607,,
2664,0,0,0,37654,,
2665,0,0,0,37743,,
2666,0,0,0,61749,,
2667,0,0,0,16569,,
2668,0,0,0,66098,,
2669,0,0,0,30055,,
2670,0,0,0,28158,,
2671,0,0,0,15499,,
2672,0,0,0,39962,,
2673,266,0,0,65908,,0.0
2674,0,0,0,65220,,
2675,0,0,0,63968,,
2676,0,0,0,63968,,
2677,0,0,0,65908,,
2678,0,0,0,65728,,
2679,0,0,0,114233,,
2680,0,0,0,99320,,
2681,0,0,0,65361,,
2682,3462,0,0,71864,,0.0
2683,1341,0,0,72657,,0.0
2684,516,0,0,65361,,0.0
2685,0,0,0,64242,,
2686,2,0,0,65220,,0.0
2687,65,0,0,65310,,0.0
2688,3305,0,0,62209,,0.0
2689,0,0,0,10924,,
2690,0,0,0,8470,,
2691,0,0,0,64920,,
2692,0,0,0,1341,,
2693,0,0,0,54681,,
2694,0,0,0,65220,,
2695,0,0,0,63342,,
2696,0,0,0,65310,,
2697,0,0,0,64920,,
2698,0,0,0,52219,,
2699,0,0,0,33587,,
2700,0,0,0,1341,,
2701,0,0,0,184035,,
2702,0,0,0,64713,,
2703,28,0,0,439064,,0.0
2704,43,0,0,410074,,0.0
2705,374,0,0,358271,,0.0
2706,29,0,0,361487,,0.0
2707,0,0,0,277616,,
2708,337,0,0,393918,,0.0
2709,0,0,0,399151,,
2710,0,0,0,320829,,
2711,471,0,0,374632,,0.0
2712,115,0,0,483313,,0.0
2713,160,0,0,585138,,0.0
2714,268,0,0,688757,,0.0
2715,98,0,0,557459,,0.0
2716,361,0,0,627156,,0.0
2717,0,0,0,656533,,
2718,152,0,0,463181,,0.0
2719,119,0,0,318600,,0.0
2720,140,0,0,291081,,0.0
2721,37,0,0,454492,,0.0
2722,0,0,0,181096,,
2723,254,0,0,252477,,0.0
2724,54,0,0,384355,,0.0
2725,109,0,0,286978,,0.0
2726,0,0,0,180687,,
2727,92,0,0,374413,,0.0
2728,124,0,0,199622,,0.0
2729,38,0,0,424580,,0.0
2730,241,0,0,193433,,0.0
2731,45,0,0,256887,,0.0
2732,70,0,0,414612,,0.0
2733,108,0,0,296840,,0.0
2734,0,0,0,20776,,
2735,0,0,0,65361,,
2736,0,0,0,61114,,
2737,0,0,0,144939,,
2738,0,0,0,54263,,
2739,0,0,0,112357,,
2740,0,0,0,35394,,
2741,0,0,0,60496,,
2742,0,0,0,24804,,
2743,0,0,0,231025,,
2744,0,0,0,31484,,
2745,0,0,0,20539,,
2746,0,0,0,35223,,
2747,120,0,0,362399,,0.0
2748,0,0,0,114703,,
2749,0,0,0,28268,,
2750,0,0,0,23375,,
2751,238,0,0,112551,,0.0
2752,0,0,0,35682,,
2753,4449,0,0,63745,,0.0
2754,0,0,0,17430,,
2755,0,0,0,14148,,
2756,0,0,0,124308,,
2757,0,0,0,95769,,
2758,0,0,0,88066,,
2759,118,0,0,782133,,0.0
2760,78,0,0,747931,,0.0
2761,73,0,0,748682,,0.0
2762,300,0,0,842456,,0.0
2763,73,0,0,747415,,0.0
2764,91,0,0,758149,,0.0
2765,55,0,0,769504,,0.0
2766,357,0,0,865247,,0.0
2767,1623,0,0,782133,,0.0
2768,139,0,0,750051,,0.0
2769,133,0,0,762187,,0.0
2770,0,0,0,568240,,
2771,0,0,0,261086,,
2772,0,0,0,288485,,
2773,0,0,0,145902,,
2774,0,0,0,241850,,
2775,0,0,0,8597,,
2776,1258,0,0,1149563,,0.0
2777,145,0,0,1148727,,0.0
2778,0,0,0,50151,,
2779,0,0,0,29649,,
2780,0,0,0,0,,
2781,0,0,0,156854,,
2782,0,0,0,54843,,
2783,0,0,0,40227,,
2784,0,0,0,41920,,
2785,0,0,0,34406,,
2786,0,0,0,19048,,
2787,1391,0,0,18866,,0.0
2788,0,0,0,9514,,
2789,0,0,0,18866,,
2790,0,0,0,0,,
2791,0,0,0,1824,,
2792,0,0,0,0,,
2793,0,0,0,1824,,
2794,0,0,0,433,,
2795,0,0,0,388,,
2796,0,0,0,0,,
2797,0,0,0,235,,
2798,0,0,0,0,,
2799,0,0,0,0,,
2800,0,0,0,388,,
2801,0,0,0,433,,
2802,0,0,0,32,,
2803,0,0,0,314,,
2804,0,0,0,0,,
2805,0,0,0,433,,
2806,0,0,0,237,,
2807,0,0,0,18982,,
2808,0,0,0,47666,,
2809,0,0,0,269,,
2810,0,0,0,153,,
2811,0,0,0,0,,
2812,0,0,0,0,,
2813,0,0,0,0,,
2814,0,0,0,0,,
2815,0,0,0,269,,
2816,0,0,0,18224,,
2817,0,0,0,0,,
2818,0,0,0,0,,
2819,0,0,0,1824,,
2820,0,0,0,60543,,
2821,0,0,0,67983,,
2822,0,0,0,88596,,
2823,0,0,0,57833,,
2824,0,0,0,70761,,
2825,0,0,0,92711,,
2826,0,0,0,49878,,
2827,0,0,0,63053,,
2828,0,0,0,65644,,
2829,0,0,0,63590,,
2830,0,0,0,82829,,
2831,0,0,0,36590,,
2832,0,0,0,63199,,
2833,0,0,0,52814,,
2834,0,0,0,75729,,
2835,0,0,0,121175,,
2836,0,0,0,176337,,
2837,0,0,0,102158,,
2838,0,0,0,61545,,
2839,0,0,0,102158,,
2840,0,0,0,66788,,
2841,0,0,0,205193,,
2842,0,0,0,41926,,
2843,0,0,0,63590,,
2844,0,0,0,62418,,
2845,32,0,0,79904,,0.0
2846,0,0,0,79117,,
2847,0,0,0,63081,,
2848,0,0,0,48844,,
2849,0,0,0,111289,,
2850,0,0,0,615,,
2851,119,0,0,63199,,0.0
2852,0,0,0,54569,,
2853,0,0,0,68179,,
2854,0,0,0,98409,,
2855,0,0,0,111289,,
2856,0,0,0,81298,,
2857,0,0,0,40005,,
2858,0,0,0,262813,,
2859,545,0,0,1221663,,0.0
2860,0,0,0,900655,,
2861,53,0,0,828492,,0.0
2862,57,0,0,981408,,0.0
2863,912,0,0,1145482,,0.0
2864,0,0,0,1208131,,
2865,0,0,0,1217076,,
2866,4264,0,0,1360715,,0.0
2867,3588,0,0,1239077,,0.0
2868,1176,0,0,1294093,,0.0
2869,474,0,0,1425801,,0.0
2870,0,0,0,271156,,
2871,0,0,0,1061,,
2872,0,0,0,749409,,
2873,0,0,0,1008708,,
2874,0,0,0,1060461,,
2875,0,0,0,544806,,
2876,0,0,0,905982,,
2877,0,0,0,97127,,
2878,0,0,0,61992,,
2879,875,0,0,114477,,0.0
2880,0,0,0,14701,,
2881,0,0,0,111304,,
2882,683,0,0,1046799,,0.0
2883,369,0,0,1093921,,0.0
2884,9270,0,0,957239,,0.0
2885,1247,0,0,1180808,,0.0
2886,715,0,0,1156158,,0.0
2887,0,0,0,961744,,
2888,0,0,0,966978,,
2889,0,0,0,1002385,,
2890,0,0,0,1150128,,
2891,0,0,0,723563,,
2892,4625,0,0,1287591,,0.0
2893,1427,0,0,1289902,,0.0
2894,2415,0,0,1258247,,0.0
2895,157,0,0,1296673,,0.0
2896,0,0,0,1184915,,
2897,0,0,0,1223340,,
2898,838,0,0,1419800,,0.0
2899,134,0,0,1389485,,0.0
2900,0,0,0,980910,,
2901,0,0,0,866756,,
2902,166,0,0,428917,,0.0
2903,5937,130000,137410000,813959,6.261223076923077,23144.685868283646
2904,0,0,0,855293,,
2905,0,0,0,960605,,
2906,92,0,0,893355,,0.0
2907,131,0,0,991104,,0.0
2908,0,0,0,890687,,
2909,0,0,0,456725,,
2910,0,0,0,283783,,
2911,339,0,0,643348,,0.0
2912,0,0,0,592000,,
2913,0,0,0,271122,,
2914,0,0,0,105964,,
2915,0,0,0,75593,,
2916,0,0,0,513491,,
2917,0,0,0,164782,,
2918,0,0,0,520,,
2919,0,0,0,171985,,
2920,0,0,0,219626,,
2921,507,0,0,269279,,0.0
2922,0,0,0,197526,,
2923,0,0,0,192373,,
2924,0,0,0,341259,,
2925,0,0,0,315802,,
2926,6053,0,0,245049,,0.0
2927,0,0,0,541845,,
2928,0,0,0,418771,,
2929,0,0,0,0,,
2930,0,0,0,84,,
2931,14,0,0,14,,0.0
2932,0,0,0,84,,
2933,85,0,0,169,,0.0
2934,0,0,0,169,,
2935,37,0,0,169,,0.0
2936,47,0,0,169,,0.0
2937,0,0,0,84,,
2938,0,0,0,85,,
2939,0,0,0,0,,
2940,0,0,0,0,,
2941,0,0,0,0,,
2942,0,0,0,0,,
2943,0,0,0,0,,
2944,0,0,0,0,,
2945,0,0,0,0,,
2946,0,0,0,0,,
2947,0,0,0,0,,
2948,0,0,0,4364,,
2949,0,0,0,0,,
2950,0,0,0,3143,,
2951,0,0,0,0,,
2952,0,0,0,0,,
2953,0,0,0,0,,
2954,0,0,0,3143,,
2955,0,0,0,5193,,
2956,0,0,0,0,,
2957,0,0,0,4471,,
2958,0,0,0,0,,
2959,0,0,0,3143,,
2960,0,0,0,3143,,
2961,0,0,0,5771,,
2962,0,0,0,68354,,
2963,0,0,0,0,,
2964,0,0,0,0,,
2965,0,0,0,552992,,
2966,112,0,0,614664,,0.0
2967,57,0,0,681382,,0.0
2968,511,0,0,502854,,0.0
2969,637,0,0,528108,,0.0
2970,0,0,0,258760,,
2971,0,0,0,330292,,
2972,0,0,0,193338,,
2973,0,0,0,312762,,
2974,0,0,0,251420,,
2975,0,0,0,125839,,
2976,0,0,0,634842,,
2977,0,0,0,609745,,
2978,0,0,0,718379,,
2979,0,0,0,665242,,
2980,15043,0,0,920166,,0.0
2981,248,0,0,1011405,,0.0
2982,250,0,0,915804,,0.0
2983,893,0,0,1005741,,0.0
2984,241,0,0,1112320,,0.0
2985,80,0,0,1004544,,0.0
2986,432,0,0,983073,,0.0
2987,69,0,0,1003857,,0.0
2988,186,0,0,1018985,,0.0
2989,34,0,0,1006985,,0.0
2990,3786,0,0,1024375,,0.0
2991,0,0,0,763235,,
2992,268,0,0,1033395,,0.0
2993,0,0,0,97763,,
2994,0,0,0,528616,,
2995,2905,0,0,696165,,0.0
2996,520,0,0,866725,,0.0
2997,0,0,0,564119,,
2998,1093,0,0,846074,,0.0
2999,1075,0,0,958654,,0.0
3000,298,0,0,1046112,,0.0
3001,0,0,0,940799,,
3002,5,0,0,984948,,0.0
3003,226,0,0,927771,,0.0
3004,129,0,0,982024,,0.0
3005,0,0,0,1113892,,
3006,49,0,0,1015963,,0.0
3007,81,0,0,1003511,,0.0
3008,266,0,0,921902,,0.0
3009,86,0,0,970966,,0.0
3010,81,0,0,955983,,0.0
3011,47,0,0,992765,,0.0
3012,125,0,0,979228,,0.0
3013,1841,0,0,964955,,0.0
3014,529,0,0,597710,,0.0
3015,685,0,0,803396,,0.0
3016,1139,0,0,704637,,0.0
3017,0,0,0,862788,,
3018,0,0,0,675339,,
3019,264,0,0,576040,,0.0
3020,911,0,0,1102315,,0.0
3021,0,0,0,918252,,
3022,220,0,0,980612,,0.0
3023,206,0,0,926657,,0.0
3024,102,0,0,992984,,0.0
3025,395,0,0,869102,,0.0
3026,0,0,0,1109261,,
3027,845,0,0,908377,,0.0
3028,652,0,0,698773,,0.0
3029,264,0,0,611181,,0.0
3030,0,0,0,530129,,
3031,23,0,0,762568,,0.0
3032,184,0,0,670241,,0.0
3033,160,0,0,582459,,0.0
3034,0,0,0,563601,,
3035,67,0,0,1123338,,0.0
3036,7749,0,0,1073679,,0.0
3037,2352,0,0,1127984,,0.0
3038,49,0,0,1054420,,0.0
3039,0,0,0,1125535,,
3040,0,0,0,1071352,,
3041,0,0,0,818565,,
3042,0,0,0,781480,,
3043,0,0,0,840577,,
3044,41,0,0,879593,,0.0
3045,0,0,0,888879,,
3046,51,0,0,890759,,0.0
3047,37,0,0,887159,,0.0
3048,13,0,0,184597,,0.0
3049,3789,130000,188630000,1243217,9.563207692307692,49783.584059118504
3050,2694,0,0,1192681,,0.0
3051,160,0,0,1383664,,0.0
3052,1611,0,0,841304,,0.0
3053,0,0,0,189436,,
3054,0,0,0,860567,,
3055,0,0,0,100930,,
3056,0,0,0,733457,,
3057,0,0,0,502412,,
3058,1428,0,0,740024,,0.0
3059,0,0,0,953430,,
3060,1496,0,0,407836,,0.0
3061,725,0,0,541284,,0.0
3062,1547,0,0,667164,,0.0
3063,985,0,0,626564,,0.0
3064,30,0,0,269458,,0.0
3065,195,0,0,976653,,0.0
3066,358,0,0,1049874,,0.0
3067,702,0,0,1059376,,0.0
3068,1135,0,0,1027332,,0.0
3069,134,0,0,1125761,,0.0
3070,501,0,0,1054758,,0.0
3071,0,0,0,655298,,
3072,0,0,0,482850,,
3073,0,0,0,0,,
3074,0,0,0,423677,,
3075,60,0,0,267661,,0.0
3076,0,0,0,296454,,
3077,0,0,0,11628,,
3078,0,0,0,86061,,
3079,0,0,0,0,,
3080,0,0,0,257888,,
3081,0,0,0,61717,,
3082,0,0,0,1001104,,
3083,0,0,0,420996,,
3084,0,0,0,784095,,
3085,84,0,0,266346,,0.0
3086,0,0,0,86026,,
3087,0,0,0,15490,,
3088,0,0,0,0,,
3089,0,0,0,0,,
3090,0,0,0,1005,,
3091,0,0,0,1360701,,
3092,6976,0,0,1013562,,0.0
3093,0,0,0,1257179,,
3094,0,0,0,1118548,,
3095,0,130000,176020000,1195193,9.193792307692307,
3096,3711,0,0,944399,,0.0
3097,1049,0,0,953567,,0.0
3098,1497,0,0,907379,,0.0
3099,0,0,0,845204,,
3100,3710,0,0,735836,,0.0
3101,0,0,0,829141,,
3102,0,0,0,788827,,
3103,0,0,0,863739,,
3104,0,0,0,1072391,,
3105,1870,0,0,921101,,0.0
3106,2859,0,0,875888,,0.0
3107,1074,0,0,935306,,0.0
3108,2031,0,0,845762,,0.0
3109,2635,0,0,811075,,0.0
3110,1261,0,0,984587,,0.0
3111,115,0,0,1055428,,0.0
3112,0,0,0,1256618,,
